method_id,search_nfe,runs,median_best_cost,q25_best_cost,q75_best_cost
A1-only,15000,25,46073.43605563238,45495.96059185089,46601.87330315917
A1-only,15600,30,46178.119011702074,45553.84014321231,46585.241366337475
A1-only,16200,30,46140.04958696954,45531.96210696846,46572.17387813866
A1-only,16800,30,46065.74444040163,45452.36723740861,46464.51557114924
A1-only,17400,30,45931.182441959216,45353.74214931551,46372.643936934146
A1-only,18000,30,45859.64643652727,45328.94327702782,46349.784672097296
A1-only,18600,30,45824.59978649857,45183.849289108584,46345.74469721633
A1-only,19200,30,45776.83707470303,45144.7293592357,46277.06497743259
A1-only,19800,30,45714.95573825427,45006.57378001166,46241.315900822985
A1-only,20400,30,45664.18825887544,44950.22808871777,46180.13904618683
A1-only,21000,30,45575.467880289536,44836.142901980624,46148.836089218355
A1-only,21600,30,45498.896608279145,44801.78568680481,46093.3401794785
A1-only,22200,30,45413.71485451576,44771.3526386093,46005.37765217301
A1-only,22800,30,45386.8558728339,44765.06375184877,45919.17788747953
A1-only,23400,30,45320.00987745193,44739.78523399587,45758.62090389064
A1-only,24000,30,45286.12931166864,44659.94761475551,45664.18501889544
A1-only,24600,30,45188.712283769455,44639.11748923103,45644.494480409434
A1-only,25200,30,45114.785093867366,44632.770824868036,45560.706856625446
A1-only,25800,30,45032.386247625655,44534.62137000876,45474.82996640071
A1-only,26400,30,44963.48705400115,44521.24345093836,45424.01524766795
A1-only,27000,30,44885.12664083205,44417.4587924749,45364.27675382757
A1-only,27600,30,44855.80581305479,44402.65576216502,45339.29241958611
A1-only,28200,30,44818.35001877989,44370.72714617126,45272.34633194489
A1-only,28800,30,44763.571844379825,44360.347526709826,45191.93345993642
A1-only,29400,30,44715.67790380694,44304.31998756906,45118.51139943325
A1-only,30000,30,44664.25996314293,44263.74690855385,45021.130030640066
A1-only,30600,30,44648.13807559006,44182.284396667004,44967.605973958285
A1-only,31200,30,44591.25195182786,44098.53662046339,44959.77479478428
A1-only,31800,30,44539.166342049124,44079.01897139383,44885.55121221105
A1-only,32400,30,44499.65898055359,44062.732994712525,44872.091170093714
A1-only,33000,30,44442.12907346766,44062.18378646829,44809.27898038402
A1-only,33600,30,44402.43798913633,44044.66150121747,44809.27898038402
A1-only,34200,30,44372.70043795704,44019.61155904039,44798.19205856648
A1-only,34800,30,44349.44739136165,43982.28981570764,44767.04917895334
A1-only,35400,30,44299.86002071267,43957.870905662734,44752.77520140853
A1-only,36000,30,44295.55624613297,43941.11643402198,44720.20377808824
A1-only,36600,30,44263.18826967471,43871.792944732195,44676.792914011785
A1-only,37200,30,44185.42552085921,43863.46989850966,44623.841333130054
A1-only,37800,30,44185.42552085921,43850.42157328334,44606.58781861319
A1-only,38400,30,44185.42552085921,43822.30559780379,44597.977498773886
A1-only,39000,30,44152.72240565658,43759.87247255034,44566.995822825105
A1-only,39600,30,44152.72240565658,43713.642532342186,44562.26418106022
A1-only,40200,30,44132.05416158942,43713.356326403955,44517.783421090964
A1-only,40800,30,44107.32339052145,43699.78919515057,44495.580499155556
A1-only,41400,30,44051.03249095107,43644.34771480156,44465.694904909324
A1-only,42000,30,44024.516181092346,43608.93702745313,44423.254055643025
A1-only,42600,30,44016.14125981248,43593.15716974769,44394.54940983714
A1-only,43200,30,44005.161626460496,43574.15618781312,44385.90476088333
A1-only,43800,30,43984.5544356285,43563.21500499057,44342.951434860624
A1-only,44400,30,43975.205643877445,43549.492928329855,44295.66504343262
A1-only,45000,30,43933.8952761085,43534.35659748851,44251.13686703167
A1-only,45600,30,43895.544641409004,43527.84322993306,44213.726001081566
A1-only,46200,30,43887.92225998043,43513.56022793877,44173.04468809967
A1-only,46800,30,43870.78441836537,43505.88791669958,44127.52602475183
A1-only,47400,30,43830.85323858833,43500.22589557488,44118.693382499674
A1-only,48000,30,43804.63652113456,43488.56170515329,44089.250698289245
A1-only,48600,30,43789.94671519344,43478.42075367018,44077.47863397417
A1-only,49200,30,43783.99302449588,43437.45026681291,44065.71444495825
A1-only,49800,30,43773.04833184848,43418.13500184405,44052.93610465946
A1-only,50400,30,43743.72999620646,43416.49505211054,44047.25837398835
A1-only,51000,30,43715.53237256019,43412.38388910876,44038.75385138075
A1-only,51600,30,43692.26185786413,43406.60702265063,44018.8510362883
A1-only,52200,30,43681.82363251205,43380.063877560955,44018.8510362883
A1-only,52800,30,43661.354307416244,43372.914621990225,44017.66419782712
A1-only,53400,30,43640.153132780455,43356.32526091103,44014.10083520692
A1-only,54000,30,43638.903241010055,43355.44178880888,44008.31249791694
A1-only,54600,30,43619.144611799245,43352.84746090701,43985.219502602675
A1-only,55200,30,43615.140027196,43350.94621691128,43984.979622947416
A1-only,55800,30,43594.76405966211,43347.247841128046,43974.01923388544
A1-only,56400,30,43591.72911397083,43344.753983863295,43972.18889474623
A1-only,57000,30,43562.253084000666,43327.248738638955,43964.41508733144
A1-only,57600,30,43562.253084000666,43325.781325368385,43928.18061770816
A1-only,58200,30,43560.4756694431,43295.3300580236,43886.03927855546
A1-only,58800,30,43547.84188048127,43293.35716985944,43868.69904555754
A1-only,59400,30,43539.630834478216,43292.10105472711,43860.78105677621
A1-only,60000,30,43532.81516218438,43288.39167740927,43845.78677254058
A1-only,60600,30,43526.60684025737,43288.39167740927,43840.837888474336
A1-only,61200,30,43524.85343456561,43288.049386635896,43833.849146966284
A1-only,61800,30,43520.72812824708,43283.48716402713,43809.82463558427
A1-only,62400,30,43501.01552597918,43279.51909194631,43804.06005019349
A1-only,63000,30,43492.91597931269,43271.55469745456,43802.12116727939
A1-only,63600,30,43489.85890255516,43254.80879284447,43797.32544589898
A1-only,64200,30,43487.70261960775,43240.41469054174,43786.401891994596
A1-only,64800,30,43480.00767906839,43217.74259827919,43773.2768815523
A1-only,65400,30,43473.64779207094,43212.42988988607,43768.133043902584
A1-only,66000,30,43458.289975954685,43207.89797180668,43757.12241209128
A1-only,66600,30,43428.604914084695,43203.93049229431,43736.9312480624
A1-only,67200,30,43410.70268374053,43201.6020708384,43728.8090916827
A1-only,67800,30,43409.494723095326,43199.295908753666,43716.49039315849
A1-only,68400,30,43404.67811519385,43186.683680788265,43714.36050029449
A1-only,69000,30,43398.699775682086,43157.14405297019,43700.15203817574
A1-only,69600,30,43386.47225365074,43143.49797571966,43685.59867564315
A1-only,70200,30,43375.43509964377,43139.12339415325,43670.49483742573
A1-only,70800,30,43368.8930584185,43134.53650142692,43662.229180345246
A1-only,71400,30,43364.17784526809,43128.229138868395,43658.27980786732
A1-only,72000,30,43351.84859284491,43126.970775466674,43653.182305394716
A1-only,72600,30,43344.2017501621,43120.96778513287,43644.62094216201
A1-only,73200,30,43338.92242306362,43112.61653273367,43639.66542782965
A1-only,73800,30,43332.906315427404,43106.20423346394,43619.959609094345
A1-only,74400,30,43330.40435634866,43096.04611623076,43615.20905158336
A1-only,75000,30,43323.2414080539,43090.73229753806,43614.893265670646
A1-only,75600,30,43317.66051781442,43082.24199913354,43610.58296789032
A1-only,76200,30,43308.72134894278,43079.68169712526,43601.59442559392
A1-only,76800,30,43299.02022126644,43070.02516927069,43594.02458681366
A1-only,77400,30,43289.976686565045,43064.083518519714,43590.58857606005
A1-only,78000,30,43284.39379529259,43062.14194106713,43583.36764024022
A1-only,78600,30,43271.51570991916,43058.5716040804,43578.15623431193
A1-only,79200,30,43264.91203081318,43049.29708750788,43574.28830586033
A1-only,79800,30,43259.04190051295,43043.57625501332,43566.98040538588
A1-only,80400,30,43256.65520682321,43038.139443942935,43564.97046533221
A1-only,81000,30,43254.553295878,43032.88661685446,43555.74745688742
A1-only,81600,30,43251.32763357996,43024.71892248267,43548.83635406381
A1-only,82200,30,43249.64601583691,43016.718603704634,43537.34591777157
A1-only,82800,30,43241.479591367315,43006.59588126926,43524.62335833253
A1-only,83400,30,43229.83900382182,42991.04553603225,43523.599120411265
A1-only,84000,30,43223.15100308681,42982.27096277869,43511.59870475319
A1-only,84600,30,43220.81650902651,42972.23874567322,43473.913167711435
A1-only,85200,30,43217.76859096707,42969.32465353835,43473.913167711435
A1-only,85800,30,43217.236703252944,42968.81017488853,43463.8947119929
A1-only,86400,30,43216.10680468066,42965.431233336014,43463.58130268012
A1-only,87000,30,43212.84410290612,42963.378241266604,43461.24321538246
A1-only,87600,30,43211.733525988966,42959.20523473646,43461.03758394039
A1-only,88200,30,43207.57462868182,42957.2625136354,43440.089231057005
A1-only,88800,30,43204.23355414787,42955.305646822875,43439.35366356741
A1-only,89400,30,43200.35555776366,42951.387266627666,43432.67960364629
A1-only,90000,30,43194.89811786401,42947.37951604497,43431.711282801734
A1-only,90600,30,43191.21011729723,42944.1369815882,43428.400251859166
A1-only,91200,30,43187.36487363691,42941.452259146194,43424.42599139588
A1-only,91800,30,43180.84564273414,42937.7427343134,43422.006853852654
A1-only,92400,30,43175.7333802418,42936.13546794995,43410.904647800766
A1-only,93000,30,43172.55130758174,42932.74356852497,43410.517061964914
A1-only,93600,30,43171.04169293135,42931.24136769885,43407.88077370906
A1-only,94200,30,43168.871254196216,42928.474953634824,43406.3066252606
A1-only,94800,30,43164.89015055332,42925.05335755949,43404.203623114736
A1-only,95400,30,43158.2144918181,42921.23407266979,43397.00463454689
A1-only,96000,30,43153.02332195859,42917.03485146986,43382.62094849411
A1-only,96600,30,43143.318652277245,42913.6949865887,43377.61676982177
A1-only,97200,30,43140.6480935586,42905.12384216892,43373.891856830705
A1-only,97800,30,43134.94626145587,42899.168691038234,43365.130946124045
A1-only,98400,30,43132.30356423013,42887.281277273854,43360.56620415099
A1-only,99000,30,43128.298469326546,42877.56073617849,43356.392810453486
A1-only,99600,30,43123.53907182276,42874.63623705947,43355.04179269793
A1-only,100200,30,43116.08521094025,42866.46479803011,43354.16686672463
A1-only,100800,30,43112.82917787612,42861.50363301001,43352.86260878142
A1-only,101400,30,43110.68095620358,42856.07524595004,43345.80320060828
A1-only,102000,30,43106.39637835089,42849.15070250862,43342.924146009354
A1-only,102600,30,43103.29272084127,42841.39501064281,43336.761741625385
A1-only,103200,30,43101.9686480535,42837.01698213081,43324.84101338076
A1-only,103800,30,43101.52115595259,42833.55101775224,43319.52392691064
A1-only,104400,30,43099.29523493607,42828.461532345085,43310.18816375269
A1-only,105000,30,43094.702175807324,42820.861462041285,43306.929967304175
A1-only,105600,30,43087.94262901624,42808.39844117554,43301.55486771847
A1-only,106200,30,43083.20349520072,42800.46413025986,43299.784591905416
A1-only,106800,30,43077.522529682334,42797.754007345146,43292.66932461996
A1-only,107400,30,43068.80126113975,42793.63686253659,43286.557634544304
A1-only,108000,30,43064.78150138038,42788.75449924908,43277.67664536611
A1-only,108600,30,43059.97357172959,42786.194597247915,43273.50683989958
A1-only,109200,30,43059.447441436845,42782.19375326971,43270.0999795151
A1-only,109800,30,43053.713951969985,42780.00425293259,43267.96396175472
A1-only,110400,30,43046.4847248625,42778.86603271993,43263.26821617669
A1-only,111000,30,43034.43748783169,42776.55115140501,43261.6475436207
A1-only,111600,30,43030.03189251899,42773.7109527309,43258.86044234067
A1-only,112200,30,43023.165379710554,42771.58245797947,43255.369710068706
A1-only,112800,30,43017.43641155581,42769.46960305992,43253.05437246101
A1-only,113400,30,43012.58897591279,42767.854793824336,43252.978880703595
A1-only,114000,30,43008.03614971778,42766.641937449065,43252.66931446026
A1-only,114600,30,43003.847177931995,42764.13257679352,43251.364020184046
A1-only,115200,30,43000.10835904924,42759.61797042649,43247.52676390315
A1-only,115800,30,42997.188150131034,42757.22980997138,43240.040849157616
A1-only,116400,30,42996.1518942683,42753.516154109995,43239.5447168057
A1-only,117000,30,42993.933638959614,42750.155537158484,43235.274712684295
A1-only,117600,30,42991.4708524061,42747.09721301729,43234.217364882
A1-only,118200,30,42988.16331649732,42744.65734395496,43230.36383183196
A1-only,118800,30,42985.400903863134,42741.90681553762,43221.60230562191
A1-only,119400,30,42984.26012131582,42737.821315633686,43217.51247488449
A1-only,120000,30,42978.47963814107,42732.00137904669,43216.49561608625
A1-only,120600,30,42972.33816617746,42727.08315231283,43211.92522142027
A1-only,121200,30,42971.29343380194,42721.39310876234,43210.12424806421
A1-only,121800,30,42968.24265785171,42714.69912620939,43206.51931561201
A1-only,122400,30,42966.833947684296,42713.45226566074,43203.218247326025
A1-only,123000,30,42960.43715300516,42710.94120114793,43193.95490841684
A1-only,123600,30,42954.57788556378,42707.09323097272,43191.764073370316
A1-only,124200,30,42946.476478250406,42702.50593465481,43179.645798900194
A1-only,124800,30,42941.366744230494,42699.74026529026,43168.28260709557
A1-only,125400,30,42934.6118493844,42696.48341050468,43160.26032886961
A1-only,126000,30,42927.63190423457,42692.116896075735,43151.831551151925
A1-only,126600,30,42924.11959919306,42689.21123354575,43146.96860124741
A1-only,127200,30,42916.79093737392,42680.351642070906,43134.04334918126
A1-only,127800,30,42911.37845170245,42675.348304062834,43126.94106518619
A1-only,128400,30,42909.309084626555,42671.87438673894,43119.28308527573
A1-only,129000,30,42906.51489386021,42668.16726097457,43115.50761194815
A1-only,129600,30,42904.932521216164,42665.74276489734,43108.51190755074
A1-only,130200,30,42900.586984909794,42663.394386296,43105.75587777948
A1-only,130800,30,42892.50213688799,42655.38376556044,43100.77387351324
A1-only,131400,30,42888.303421464065,42650.62589524417,43098.218292575315
A1-only,132000,30,42883.64312231056,42643.82625298516,43090.80324921147
A1-only,132600,30,42879.14436122142,42635.30315304192,43087.799298229715
A1-only,133200,30,42874.579511385746,42631.778744569754,43085.65252907688
A1-only,133800,30,42869.721258245525,42630.390654428134,43085.59982974018
A1-only,134400,30,42865.0642770532,42629.76376654267,43083.793831517454
A1-only,135000,30,42861.05977904899,42629.05308801064,43082.07146192264
A1-only,135600,30,42855.16866800982,42626.390027147136,43082.07146192264
A1-only,136200,30,42850.252826708704,42625.99117823074,43081.529986135836
A1-only,136800,30,42850.216975219315,42624.18637605454,43079.51037824827
A1-only,137400,30,42847.86532846385,42621.510296851484,43078.05947909125
A1-only,138000,30,42843.24632978054,42620.48103822081,43070.825611698856
A1-only,138600,30,42841.11022185985,42617.94207864831,43054.59286531956
A1-only,139200,30,42837.899516553356,42615.09650923099,43050.251295826
A1-only,139800,30,42833.58262668007,42610.82588480546,43035.88372876433
A1-only,140400,30,42830.4100326126,42610.41044696495,43023.99074022313
A1-only,141000,30,42826.21736976953,42607.83294749123,43022.68845986245
A1-only,141600,30,42823.93673040936,42605.91466868138,43018.925127297785
A1-only,142200,30,42821.22601390771,42603.94513353801,43017.414342296
A1-only,142800,30,42817.24466718812,42602.5279977622,43014.46607466464
A1-only,143400,30,42814.85951563394,42600.71410776817,43012.93783250384
A1-only,144000,30,42806.6106513518,42599.11092557198,43008.983293520236
A1-only,144600,30,42796.79907843951,42597.13507926557,43003.71771398724
A1-only,145200,30,42787.3712984285,42594.760647977506,42995.058393830426
A1-only,145800,30,42780.57888879342,42593.037687087155,42981.834177836994
A1-only,146400,30,42774.374227441804,42589.10535804274,42971.13687328674
A1-only,147000,30,42772.3472386816,42586.853296983216,42959.22172690607
A1-only,147600,30,42771.101921646565,42585.57556239777,42951.047132236476
A1-only,148200,30,42766.36143642191,42582.425968880576,42945.14483611626
A1-only,148800,30,42763.072772463565,42580.49633943844,42929.872298709306
A1-only,149400,30,42756.11787559746,42578.39349868898,42922.00231767067
A1-only,150000,30,42750.71892152969,42576.99495109727,42912.85174393641
A1-only,150600,30,42743.97738353205,42576.73899249357,42908.494553897704
A1-only,151200,30,42742.21599103842,42575.41499754018,42907.74740155532
A1-only,151800,30,42741.547097149276,42574.93750792514,42903.29861065508
A1-only,152400,30,42740.97331553507,42573.756458405034,42901.79536514078
A1-only,153000,30,42739.36897704053,42572.86166958949,42900.510763410784
A1-only,153600,30,42736.69267565866,42570.63859606368,42898.76748431165
A1-only,154200,30,42732.82028832509,42568.8910327905,42897.30570449283
A1-only,154800,30,42727.60566078001,42567.657514390616,42894.795458684945
A1-only,155400,30,42721.56028895598,42566.26950573553,42890.9811734904
A1-only,156000,30,42718.514044184,42564.82824587642,42888.11763263339
A1-only,156600,30,42715.303913372365,42564.19348219066,42884.68797245212
A1-only,157200,30,42713.19144113244,42563.104393208894,42883.305120896286
A1-only,157800,30,42710.95475331447,42560.90688238223,42881.35203739385
A1-only,158400,30,42707.89518632406,42559.66563354422,42879.14363474467
A1-only,159000,30,42704.791287331136,42558.85514559109,42878.23402554693
A1-only,159600,30,42700.038872998804,42558.17852767542,42876.790443714075
A1-only,160200,30,42695.772272871705,42557.298247556544,42876.46213554766
A1-only,160800,30,42692.6661704033,42556.73399897378,42874.90383977347
A1-only,161400,30,42689.61413581182,42555.175505604246,42872.83474216684
A1-only,162000,30,42687.1863489997,42553.129909760246,42871.338683467715
A1-only,162600,30,42686.087023282846,42552.003427582735,42867.75002411148
A1-only,163200,30,42684.35473489492,42550.42586909896,42867.75002411148
A1-only,163800,30,42681.843311678516,42546.94803684534,42866.79079378894
A1-only,164400,30,42680.44547320344,42545.69465024443,42864.43501077084
A1-only,165000,30,42678.61358001099,42543.142479672984,42860.56222868023
A1-only,165600,30,42678.571705196184,42540.877734238864,42856.6474376288
A1-only,166200,30,42678.13596209843,42539.14276870244,42855.41982744716
A1-only,166800,30,42675.65979808778,42537.32747343543,42850.00791195563
A1-only,167400,30,42673.95917920015,42534.21655174049,42845.45665132547
A1-only,168000,30,42671.918467598574,42533.22719487216,42842.22081185672
A1-only,168600,30,42670.30366779889,42533.119862418556,42835.491756018
A1-only,169200,30,42669.15105090247,42532.81454305326,42832.97085924242
A1-only,169800,30,42666.95365792551,42530.94382095126,42831.58412180332
A1-only,170400,30,42665.916232368734,42530.47327194448,42829.28318388788
A1-only,171000,30,42664.07650113945,42529.21751806371,42825.224659756386
A1-only,171600,30,42663.73343055694,42525.65620564125,42821.6320962344
A1-only,172200,30,42662.520709438235,42523.73675008339,42821.1245790624
A1-only,172800,30,42661.60623457578,42522.06110465838,42818.68425006972
A1-only,173400,30,42660.25417246309,42521.46567737659,42816.23493316885
A1-only,174000,30,42659.04322527193,42520.939447913595,42814.6458553924
A1-only,174600,30,42657.227979780815,42520.59000918126,42813.40669831617
A1-only,175200,30,42655.43870207084,42520.18339686959,42811.9007385189
A1-only,175800,30,42653.66966560058,42519.94320249406,42811.32035268725
A1-only,176400,30,42652.39471656039,42519.471649605366,42809.28967174272
A1-only,177000,30,42651.39391487979,42518.96321132767,42807.058569035355
A1-only,177600,30,42650.05731642442,42518.43645425773,42805.58957343361
A1-only,178200,30,42649.16277515095,42517.49896971443,42803.67888708603
A1-only,178800,30,42648.618669968666,42516.9096909055,42801.389154814315
A1-only,179400,30,42647.275879453504,42515.84050677099,42800.05859196377
A1-only,180000,30,42646.31407165404,42514.367116884045,42798.419502005374
A1-only,180600,30,42645.50755477704,42513.249931540544,42796.18372094308
A1-only,181200,30,42644.60392156595,42511.71556748997,42794.865183124464
A1-only,181800,30,42643.87159941093,42510.93731809511,42792.97911193807
A1-only,182400,30,42643.383861020615,42509.81168917115,42790.00301852096
A1-only,183000,30,42642.42739571299,42508.90886669558,42787.33585209704
A1-only,183600,30,42641.61117918113,42508.54373501206,42784.245028474856
A1-only,184200,30,42640.715826198066,42507.735233777275,42782.389237253
A1-only,184800,30,42638.83020286403,42507.40706881594,42779.02366848662
A1-only,185400,30,42637.48305151626,42506.5539635632,42777.21068108111
A1-only,186000,30,42637.074210313105,42506.27065418666,42774.54739490652
A1-only,186600,30,42635.824707563064,42506.12106207154,42772.09123523833
A1-only,187200,30,42634.033866469545,42505.74555270201,42769.59914918018
A1-only,187800,30,42633.45676001095,42505.676933783325,42766.60580138926
A1-only,188400,30,42631.46997907432,42505.445454988905,42762.00744206096
A1-only,189000,30,42630.228820126526,42505.22016525314,42758.609423312664
A1-only,189600,30,42629.51799425305,42505.0389772607,42756.64421264983
A1-only,190200,30,42628.55120774056,42504.94539470834,42753.83831926809
A1-only,190800,30,42628.35206494809,42504.75594379383,42751.08718560432
A1-only,191400,30,42627.232954725456,42504.63191109621,42747.720330536686
A1-only,192000,30,42626.69754710832,42504.198949876525,42746.97747679025
A1-only,192600,30,42625.686697125304,42504.11220104282,42746.168178128006
A1-only,193200,30,42624.440197177144,42503.93004579746,42745.707782018755
A1-only,193800,30,42620.833506814546,42503.67782065588,42744.517377480806
A1-only,194400,30,42617.720526488745,42503.49540099502,42743.33040883341
A1-only,195000,30,42614.02029113378,42503.24540715168,42741.488714341525
A1-only,195600,30,42611.917142110935,42502.906600490816,42740.16116551637
A1-only,196200,30,42610.32803953276,42502.76553187201,42737.47095977981
A1-only,196800,30,42606.87818209297,42502.43827462463,42735.28278749488
A1-only,197400,30,42604.52269651553,42502.38692062574,42734.905979098774
A1-only,198000,30,42602.71654562923,42502.284629258764,42732.84457378404
A1-only,198600,30,42601.14527316531,42502.16870934445,42732.28731599165
A1-only,199200,30,42600.69617298801,42501.94668163385,42731.015381587255
A1-only,199800,30,42600.062618545766,42501.18366775678,42727.092995509614
A1-only,200400,30,42599.65075635702,42500.663888364186,42722.09477023561
A1-only,201000,30,42599.07890656672,42500.21629028516,42718.602936237476
A1-only,201600,30,42598.24585910338,42500.08284498517,42715.27093394552
A1-only,202200,30,42597.985152647874,42499.852757556095,42713.00474413466
A1-only,202800,30,42597.571280903314,42499.49949658932,42709.54271969103
A1-only,203400,30,42597.20608873857,42499.48339994924,42707.37377765003
A1-only,204000,30,42596.721105602584,42499.39914827775,42703.676163028525
A1-only,204600,30,42596.007569941576,42499.17380801465,42701.8533077746
A1-only,205200,30,42595.67519120684,42498.96232966422,42699.89885433018
A1-only,205800,30,42595.01788824551,42498.87425909859,42698.50164988122
A1-only,206400,30,42594.73525397759,42498.65187946409,42697.02636698172
A1-only,207000,30,42593.709896239285,42498.2533687813,42694.66799994616
A1-only,207600,30,42593.26525632658,42497.76470535595,42693.97996677577
A1-only,208200,30,42592.90989080226,42497.34140883494,42692.76960942937
A1-only,208800,30,42592.53058725728,42496.75246129419,42691.49410016215
A1-only,209400,30,42592.1848813054,42496.3118923975,42690.44928209423
A1-only,210000,30,42592.13633316461,42495.42582829125,42689.09142505887
A1-only,210600,30,42591.734591647815,42494.77439280553,42688.36657931483
A1-only,211200,30,42591.59975291815,42493.7174386347,42688.25603652182
A1-only,211800,30,42591.340241853366,42492.94757293956,42686.66624079396
A1-only,212400,30,42590.870322523886,42491.82462409122,42685.297328720175
A1-only,213000,30,42590.45036955131,42490.96484018037,42682.36929520409
A1-only,213600,30,42590.20893208073,42490.25906534915,42680.18390557278
A1-only,214200,30,42589.759686665275,42489.053735902446,42679.28155029483
A1-only,214800,30,42589.368990895615,42487.44449573315,42677.64187781094
A1-only,215400,30,42589.19601929282,42485.814417381014,42676.941095782444
A1-only,216000,30,42588.79115211873,42484.50782600709,42676.43970214843
A1-only,216600,30,42588.11603233675,42482.74002045816,42675.727812142795
A1-only,217200,30,42587.55970319502,42480.927319994444,42674.570861936736
A1-only,217800,30,42587.228000870484,42480.06415483228,42671.396288280615
A1-only,218400,30,42586.72340447143,42479.92665861953,42669.933302387464
A1-only,219000,30,42586.572534813364,42479.635160306876,42669.31992234804
A1-only,219600,30,42585.99280155453,42479.21912454924,42668.97079062469
A1-only,220200,30,42585.784194041706,42478.90157998276,42668.34235622915
A1-only,220800,30,42584.658555372924,42478.31002699585,42667.76460540288
A1-only,221400,30,42583.36869715245,42477.87629686657,42667.047362431345
A1-only,222000,30,42583.09680794655,42477.503149734635,42666.33167631353
A1-only,222600,30,42582.37734609672,42477.10559039835,42665.1152615953
A1-only,223200,30,42580.703805750585,42476.99248172438,42664.35308162328
A1-only,223800,30,42579.63809924801,42476.53765734637,42663.23239785744
A1-only,224400,30,42578.68286270919,42476.14918339692,42662.171758244076
A1-only,225000,30,42577.33391402684,42475.980446133486,42660.33736355885
A1-only,225600,30,42576.00410163929,42475.716434616465,42658.9460677209
A1-only,226200,30,42575.6839116517,42475.43285795812,42657.37032780156
A1-only,226800,30,42575.566833974575,42475.42427227956,42656.6578044381
A1-only,227400,30,42575.36722357078,42475.07781700427,42655.49000800685
A1-only,228000,30,42575.363559797595,42475.06187437373,42654.80468582853
A1-only,228600,30,42574.91033715641,42474.734484778724,42653.94426933475
A1-only,229200,30,42574.800259522686,42474.6087023544,42652.99313435264
A1-only,229800,30,42574.54862971285,42474.48827724699,42651.17553437757
A1-only,230400,30,42574.30592592947,42474.363283200204,42650.32008932112
A1-only,231000,30,42574.04215493098,42474.23885010446,42648.582414606564
A1-only,231600,30,42573.58689411941,42473.97214245325,42647.33178065313
A1-only,232200,30,42573.33244295948,42473.815975921054,42646.03933728846
A1-only,232800,30,42573.0303881461,42473.643344438475,42643.835448836195
A1-only,233400,30,42572.78505320354,42473.46354941053,42642.5634129952
A1-only,234000,30,42572.712444959085,42473.356350618415,42641.410190697396
A1-only,234600,30,42572.40456287387,42473.065020370625,42640.82413827618
A1-only,235200,30,42572.037128077936,42472.68005398012,42640.00416126178
A1-only,235800,30,42571.93688440701,42472.27974836706,42639.923312981875
A1-only,236400,30,42571.47677764608,42471.73149312417,42639.22794644865
A1-only,237000,30,42571.18673269591,42471.239593164195,42638.25774043519
A1-only,237600,30,42571.146597227984,42470.26534548373,42636.333293863085
A1-only,238200,30,42570.914067128,42469.61124500369,42635.133114808064
A1-only,238800,30,42570.69311822935,42468.88493355448,42634.06450114092
A1-only,239400,30,42570.274590395755,42468.029368309355,42633.228265468366
A1-only,240000,30,42569.67610707559,42467.891853170186,42631.738822099105
A1-only,240600,30,42569.18466373189,42467.80681228067,42630.74473886715
A1-only,241200,30,42568.53670710832,42467.66505026554,42629.64045753643
A1-only,241800,30,42568.14409841213,42467.61311057972,42628.96267915835
A1-only,242400,30,42567.46884300924,42467.495357556676,42628.62179860785
A1-only,243000,30,42566.834111966586,42467.40260439673,42627.88338884894
A1-only,243600,30,42566.553020001855,42467.24045648245,42627.09031071985
A1-only,244200,30,42566.01998555528,42466.96920126918,42626.066198519096
A1-only,244800,30,42565.44225320166,42466.915609567906,42625.438011015234
A1-only,245400,30,42565.03216570757,42466.721611956484,42624.58514425486
A1-only,246000,30,42564.56534777609,42466.65434559574,42623.507698323905
A1-only,246600,30,42564.48903439556,42466.614361855885,42622.69270026735
A1-only,247200,30,42564.44705832538,42466.167924074136,42621.432692238275
A1-only,247800,30,42564.18545446856,42465.93963760708,42620.604002622116
A1-only,248400,30,42564.18545446856,42465.87221531181,42619.186162033846
A1-only,249000,30,42563.99442853356,42465.68810235483,42618.77680135032
A1-only,249600,30,42563.80290791756,42465.60375278161,42618.20745045943
A1-only,250200,30,42563.68912202813,42465.47383734632,42617.48033552662
A1-only,250800,30,42563.258210948836,42465.28195668669,42617.0029171428
A1-only,251400,30,42563.25501035056,42465.23722378799,42616.19247147103
A1-only,252000,30,42563.132405641976,42464.7366205166,42615.64033076101
A1-only,252600,30,42562.98114312832,42464.70631767355,42615.140818972446
A1-only,253200,30,42562.84566049678,42464.364388226415,42613.76614448249
A1-only,253800,30,42562.776070904765,42464.23981180535,42612.197378387435
A1-only,254400,30,42562.69955403309,42463.91524271159,42611.14698273269
A1-only,255000,30,42562.54618758474,42463.85368140201,42610.11652194641
A1-only,255600,30,42561.591692323964,42463.747632203485,42609.23206857815
A1-only,256200,30,42560.115538959624,42463.67898527929,42608.06167304443
A1-only,256800,30,42559.09239778451,42463.660330883155,42607.47947787174
A1-only,257400,30,42557.28886633807,42463.573506633344,42606.60163180629
A1-only,258000,30,42556.38384528283,42463.46750098385,42605.32940093588
A1-only,258600,30,42555.020506836314,42463.34756417336,42604.21672432336
A1-only,259200,30,42553.656151663396,42463.078068421986,42602.70884620134
A1-only,259800,30,42553.29934894834,42462.72063750107,42601.753940900846
A1-only,260400,30,42553.095844545394,42462.611434144565,42599.71000707477
A1-only,261000,30,42552.87139627058,42462.416257995195,42598.07556770455
A1-only,261600,30,42552.84966906935,42462.23059232803,42596.45942093107
A1-only,262200,30,42552.62400226701,42462.06884061429,42595.599603622206
A1-only,262800,30,42552.39878471499,42461.79746368023,42594.934355205376
A1-only,263400,30,42552.22069349543,42461.656814868744,42592.29291625907
A1-only,264000,30,42551.917716810574,42461.49271802275,42590.593040503496
A1-only,264600,30,42550.9038286603,42461.433827897985,42590.5203360243
A1-only,265200,30,42549.8732649694,42461.34593003835,42590.36846928981
A1-only,265800,30,42549.41614835693,42461.232773245174,42590.310077606235
A1-only,266400,30,42548.41320962817,42461.14587457001,42590.03701501258
A1-only,267000,30,42547.29811554033,42461.091330132986,42589.78985508033
A1-only,267600,30,42545.95791117651,42460.92063163252,42589.53880313983
A1-only,268200,30,42544.13776723246,42460.82403359917,42589.23954082944
A1-only,268800,30,42541.49548273145,42460.697947807,42588.71135376543
A1-only,269400,30,42540.86091090186,42460.630468279865,42588.41290925617
A1-only,270000,30,42539.94139951718,42460.552707422845,42587.81885350463
A1-only,270600,30,42539.26807310956,42460.45654533605,42587.63573042758
A1-only,271200,30,42538.81459972802,42460.33849812037,42587.23140393275
A1-only,271800,30,42538.04741393507,42460.33849812037,42586.98657967768
A1-only,272400,30,42537.089722064105,42460.27052741933,42586.38815112425
A1-only,273000,30,42535.94258818886,42460.21124667156,42586.170430218925
A1-only,273600,30,42535.40030390257,42460.027876396234,42585.4925000558
A1-only,274200,30,42533.38090193967,42459.91855189612,42584.90788013772
A1-only,274800,30,42532.81828422491,42459.709637639215,42584.42183670723
A1-only,275400,30,42530.8024757658,42459.61666864807,42583.68749780177
A1-only,276000,30,42529.75357803287,42459.38247784978,42583.29434327579
A1-only,276600,30,42528.21271021881,42459.32070808463,42582.6740821504
A1-only,277200,30,42527.30816857246,42459.19934460982,42582.17979910028
A1-only,277800,30,42526.62039298036,42459.14414277881,42581.63364493818
A1-only,278400,30,42525.41255958326,42458.755333179,42580.97436466631
A1-only,279000,30,42524.918129894446,42458.53504442181,42579.98547302755
A1-only,279600,30,42523.96441846671,42458.020301613025,42579.74146265758
A1-only,280200,30,42523.15151037174,42457.9164914866,42579.033115374405
A1-only,280800,30,42523.05084447156,42457.79952552295,42578.54644393584
A1-only,281400,30,42522.497670396246,42457.556935487555,42577.14195745897
A1-only,282000,30,42522.35216747235,42457.45033332277,42576.371373552545
A1-only,282600,30,42521.883703932006,42457.235309776035,42575.29671911208
A1-only,283200,30,42521.72304554472,42456.83958903745,42574.753484140834
A1-only,283800,30,42521.48991704097,42456.79093190988,42573.903331743975
A1-only,284400,30,42521.26147145533,42456.67456979747,42573.16636074022
A1-only,285000,30,42520.873980057644,42456.65934357346,42571.976342444614
A1-only,285600,30,42520.81900066949,42456.54616560327,42571.03784142978
A1-only,286200,30,42520.68744156286,42456.437093184984,42570.25456974789
A1-only,286800,30,42520.57579833302,42456.41111189248,42569.572987474676
A1-only,287400,30,42520.46513763277,42456.24718357023,42569.29438986356
A1-only,288000,30,42520.08085915698,42456.04657169974,42568.56143847061
A1-only,288600,30,42519.775056298386,42456.03710955386,42567.2507606219
A1-only,289200,30,42519.252140400306,42455.860089838956,42566.00632536646
A1-only,289800,30,42519.125575062295,42455.68072831303,42564.45319786359
A1-only,290400,30,42518.90119928049,42455.46733683543,42563.85260264162
A1-only,291000,30,42518.767030663555,42455.2939266436,42563.57863616604
A1-only,291600,30,42518.544933565834,42454.872871716485,42563.448438327
A1-only,292200,30,42518.27114391563,42454.5002678045,42563.157678791526
A1-only,292800,30,42517.79502867497,42454.44246023058,42562.680982774385
A1-only,293400,30,42517.51250887943,42454.152181490776,42562.44635740123
A1-only,294000,30,42517.27221062206,42453.949500766976,42562.12024211843
A1-only,294600,30,42517.033535844545,42453.92026163164,42561.44128336808
A1-only,295200,30,42515.97642619792,42453.67789377853,42561.12447815084
A1-only,295800,30,42515.27220511904,42453.42545536019,42560.999551109504
A1-only,296400,30,42515.02628839883,42453.26661275865,42558.85492133119
A1-only,297000,30,42514.507427293924,42452.55028588133,42556.038965276726
A1-only,297600,30,42514.12835619246,42452.126681588095,42553.48332877003
A1-only,298200,30,42513.809702511506,42451.92829406644,42553.33217087714
A1-only,298800,30,42513.340457088314,42451.8042118424,42552.80209387812
A1-only,299400,30,42512.33354961803,42451.54680936117,42552.45212048366
A1-only,300000,30,42511.83596188002,42451.18786834195,42552.00459197155
A1-only,300600,30,42511.41557629418,42450.9111691184,42551.823711925
A1-only,12600,12,45888.0919044547,45591.97316132005,46332.24447492507
A1-only,13200,16,46009.494418645605,45636.52402895443,46292.463286338156
A1-only,13800,19,46074.2747841057,45611.511594345095,46539.193911188646
A1-only,14400,21,45980.28765337562,45481.93976167644,46519.88978621182
A1-only,8400,1,46251.61144272618,46251.61144272618,46251.61144272618
A1-only,9000,2,46155.13552950762,46106.89757289835,46203.3734861169
A1-only,9600,3,46058.65961628907,45878.00305448516,46077.367223254725
A1-only,10200,3,45758.50855071997,45727.92752170061,45875.359850907225
A1-only,10800,3,45697.346492681245,45686.53036835564,45844.77882188786
A1-only,11400,5,45697.25448601288,45675.71424403003,45814.7925455759
A1-only,12000,9,45695.24413789532,45619.44337843526,46359.61401827175
A2-only,12000,1,46366.14472500267,46366.14472500267,46366.14472500267
A2-only,12600,2,46207.384736660286,46128.004742489094,46286.76473083148
A2-only,13200,3,46224.62155137202,46048.500610991185,46287.53226850849
A2-only,13800,3,46224.62155137202,45968.57575541978,46270.26382849784
A2-only,14400,4,46230.53098647034,46096.5986533959,46581.85814141685
A2-only,15000,6,46178.60329070533,45809.1924224156,46718.706969283405
A2-only,15600,8,46073.0445254504,45559.93594804648,46379.15737164243
A2-only,16200,10,46130.940567756035,45596.444933917606,46754.908887065394
A2-only,16800,14,46076.12637230706,45655.42620336485,46309.818627959474
A2-only,17400,17,45820.96807908615,45325.99277274309,46149.44693561218
A2-only,18000,18,45919.75977290893,45306.41020728064,46175.6241904874
A2-only,18600,18,45807.52596986292,45230.69184779048,46174.18096890808
A2-only,19200,21,45836.09540042236,45126.98291772049,46190.39290485405
A2-only,19800,23,45731.52184997451,45060.1186761522,46160.585311308634
A2-only,20400,24,45761.666818789505,45050.821986848016,46165.72634014784
A2-only,21000,24,45719.47815990042,45013.40001160144,46149.134864836546
A2-only,21600,26,45689.45756849396,45041.400377955644,46025.82099217624
A2-only,22200,27,45696.54998069344,45038.30619963027,46115.67355208809
A2-only,22800,28,45582.31522635216,44999.02061338451,46009.28365516904
A2-only,23400,28,45555.60002511059,44926.894874787686,45990.695171923566
A2-only,24000,28,45432.486190764685,44897.29723582978,45923.945552466714
A2-only,24600,28,45373.396681214974,44842.841391257876,45730.83821542036
A2-only,25200,28,45232.62679393549,44708.56990093075,45713.92213135718
A2-only,25800,28,45147.90938089797,44650.527520914395,45609.90702854078
A2-only,26400,28,45048.68963623313,44587.50607419431,45582.5626718152
A2-only,27000,28,44993.91874063478,44490.0891144955,45547.830766108025
A2-only,27600,28,44993.91874063478,44478.22474249189,45526.908009903025
A2-only,28200,28,44962.93206818758,44380.66218257143,45481.91245018005
A2-only,28800,29,44900.29554671595,44260.46664317901,45449.98331723439
A2-only,29400,29,44864.831555517165,44218.07022808869,45353.03410169326
A2-only,30000,29,44799.47275780498,44218.07022808869,45353.03410169326
A2-only,30600,30,44802.58398481233,44237.43176512375,45309.50788761631
A2-only,31200,30,44760.93862235753,44141.454609232416,45298.52742090579
A2-only,31800,30,44701.26631596317,44133.18451685634,45266.02757393598
A2-only,32400,30,44583.20044001733,44092.15415463079,45228.061610206416
A2-only,33000,30,44554.51127654259,44020.83110643651,45127.36395392016
A2-only,33600,30,44494.08198363561,43998.00290558909,45101.10927436021
A2-only,34200,30,44382.74028476679,43848.670958634786,45056.62800260854
A2-only,34800,30,44349.74752882705,43766.81582444104,44936.606531499696
A2-only,35400,30,44272.48967994116,43715.6520082025,44894.36140098327
A2-only,36000,30,44251.0070485725,43684.356692418114,44833.951057884515
A2-only,36600,30,44224.513732122316,43661.876826790285,44743.4904383967
A2-only,37200,30,44184.54161406089,43648.022150291225,44699.12289554045
A2-only,37800,30,44117.833575398385,43606.191113492976,44624.05680620807
A2-only,38400,30,44071.79556376964,43529.4983193144,44507.602918502525
A2-only,39000,30,44023.20522618881,43524.926430310865,44474.82357996313
A2-only,39600,30,44019.4099367717,43501.788515584456,44431.121290300056
A2-only,40200,30,43982.91976349875,43492.14233403721,44353.55339501097
A2-only,40800,30,43952.74365034688,43478.850601821134,44323.425530912995
A2-only,41400,30,43939.287416660154,43457.019981017336,44295.44955109805
A2-only,42000,30,43865.13397289286,43451.43131961784,44279.119448082165
A2-only,42600,30,43797.059365652836,43429.340683494345,44196.85210125608
A2-only,43200,30,43766.84493251491,43408.98652003432,44172.411011895296
A2-only,43800,30,43737.85365400904,43399.16702482138,44116.35935848756
A2-only,44400,30,43693.56967254686,43380.15377336819,44101.69551121193
A2-only,45000,30,43684.264198020974,43364.751030663196,44029.49962507348
A2-only,45600,30,43676.6546530387,43340.02376837922,44021.34091398774
A2-only,46200,30,43651.80585966995,43318.455416645564,44001.58297401443
A2-only,46800,30,43614.586252363784,43297.52111347998,43989.16952999639
A2-only,47400,30,43600.72819567445,43284.46907371327,43941.17754661698
A2-only,48000,30,43582.10096639546,43256.921107976734,43930.12752915203
A2-only,48600,30,43558.243060868714,43248.59944197754,43914.99730160818
A2-only,49200,30,43537.97835583285,43238.3671512548,43900.278420589784
A2-only,49800,30,43523.71627376862,43225.665378161124,43857.203813998836
A2-only,50400,30,43515.02109996909,43212.4842548752,43849.97822591195
A2-only,51000,30,43491.115395118424,43208.03043133903,43805.37012917888
A2-only,51600,30,43462.680781463074,43208.03043133903,43761.159547413554
A2-only,52200,30,43424.19094203411,43195.13171944187,43760.92015659239
A2-only,52800,30,43406.92356949637,43182.3479448969,43756.38056192586
A2-only,53400,30,43396.41324299105,43166.655379440235,43726.33331245564
A2-only,54000,30,43356.44197973418,43146.105257822885,43715.82779466431
A2-only,54600,30,43343.1382424833,43130.55618853488,43704.516236051844
A2-only,55200,30,43325.59463331553,43118.3121132137,43704.516236051844
A2-only,55800,30,43314.015600517436,43096.00029668961,43698.199459504045
A2-only,56400,30,43310.65269542528,43085.59065283764,43693.967442992
A2-only,57000,30,43299.874568701336,43077.530146107696,43683.59820042561
A2-only,57600,30,43290.739308625794,43060.61026338868,43679.166193842044
A2-only,58200,30,43276.301407574625,43051.16642698824,43667.65855109325
A2-only,58800,30,43276.301407574625,43024.382983969714,43655.81574828288
A2-only,59400,30,43273.32136190211,43004.48267482071,43649.442688235635
A2-only,60000,30,43262.50700407172,42993.09182114081,43640.3142434207
A2-only,60600,30,43248.17276015613,42990.13171931835,43637.52124181097
A2-only,61200,30,43237.94042839653,42990.13171931835,43627.28946564757
A2-only,61800,30,43225.714945274565,42977.52928091477,43612.13378571003
A2-only,62400,30,43203.10083056284,42954.76720171697,43550.702118333895
A2-only,63000,30,43196.933826845634,42947.236910039384,43499.48650301211
A2-only,63600,30,43168.68713414132,42945.009119353235,43474.671181015685
A2-only,64200,30,43140.56505901001,42940.33233141647,43471.461883883225
A2-only,64800,30,43122.33274083049,42934.29810315328,43424.36816651553
A2-only,65400,30,43114.954467084186,42919.067500322504,43422.82376207169
A2-only,66000,30,43109.770451004246,42910.15216258172,43409.85638561097
A2-only,66600,30,43093.299082021855,42904.76226629545,43405.47141655402
A2-only,67200,30,43086.04362552874,42901.14883766267,43397.98774572927
A2-only,67800,30,43064.16333750889,42894.82490659168,43382.25978322689
A2-only,68400,30,43061.84177850035,42881.41711582973,43359.11151583191
A2-only,69000,30,43044.02115334326,42875.12574535095,43347.16915318181
A2-only,69600,30,43043.102495341125,42868.19336511351,43346.335886571076
A2-only,70200,30,43033.41287039903,42861.325387048855,43333.8886178465
A2-only,70800,30,43022.64995338027,42852.929890473344,43320.258346207935
A2-only,71400,30,43016.50901245184,42842.87678152012,43309.85547782178
A2-only,72000,30,43010.48398969016,42827.69615592493,43303.10265801432
A2-only,72600,30,43004.39629370615,42825.87154935478,43296.88406347373
A2-only,73200,30,42991.09303427005,42823.181886109014,43287.420952688495
A2-only,73800,30,42984.63343376352,42819.49338344356,43282.877891706434
A2-only,74400,30,42982.369700972355,42807.687034463444,43276.316178936984
A2-only,75000,30,42980.89941156312,42802.09053562935,43272.82307318831
A2-only,75600,30,42973.40926719722,42790.98278750365,43260.18813616659
A2-only,76200,30,42971.33135098989,42784.724985499844,43259.25486565232
A2-only,76800,30,42962.43157467348,42770.56273119053,43249.85362371541
A2-only,77400,30,42952.23213129952,42766.71607807063,43245.66269041131
A2-only,78000,30,42937.474590229715,42765.76333216981,43238.162738248844
A2-only,78600,30,42926.007408955564,42761.64081985239,43233.10712523101
A2-only,79200,30,42923.72700244779,42756.780999458984,43224.7182155012
A2-only,79800,30,42910.19576481431,42752.01158431026,43220.439702693846
A2-only,80400,30,42905.92377190842,42744.90726582948,43218.327536203564
A2-only,81000,30,42901.636172957675,42738.00934765932,43213.60570352477
A2-only,81600,30,42899.93708229765,42720.91573227775,43200.35993329296
A2-only,82200,30,42896.20005179219,42712.93061398562,43188.26865427582
A2-only,82800,30,42892.626717910796,42708.29031852654,43180.548765642554
A2-only,83400,30,42884.851903809744,42699.29517555947,43173.592652225765
A2-only,84000,30,42877.37953611656,42696.10212378403,43172.80818202346
A2-only,84600,30,42872.005583806604,42690.651193584155,43166.869230455704
A2-only,85200,30,42868.67653366581,42689.14352403875,43156.93158693275
A2-only,85800,30,42863.12318308703,42687.461203641076,43152.50653864961
A2-only,86400,30,42861.499695989754,42681.89835826968,43145.702365189296
A2-only,87000,30,42857.72399343608,42675.734326293285,43139.337054430594
A2-only,87600,30,42852.97399253144,42670.15205210951,43128.86018927178
A2-only,88200,30,42842.75378374527,42669.30332748209,43121.448502465384
A2-only,88800,30,42837.31663612489,42666.89228387662,43116.16502378631
A2-only,89400,30,42832.095375249235,42660.932830702804,43107.66304587616
A2-only,90000,30,42814.16288949399,42658.56534060354,43100.157251825294
A2-only,90600,30,42811.3924868631,42653.052507421366,43096.2079535708
A2-only,91200,30,42805.32673686667,42646.30023553209,43085.24908848366
A2-only,91800,30,42800.50521542692,42641.86200995014,43063.43439171393
A2-only,92400,30,42797.44649066944,42632.38303757471,43060.35076021724
A2-only,93000,30,42790.05859357014,42628.75832553931,43051.57873615622
A2-only,93600,30,42786.65074391238,42625.0478913748,43027.636511483295
A2-only,94200,30,42779.47624980485,42620.739727428925,43012.24115943091
A2-only,94800,30,42772.49403278953,42618.08845771993,42997.131402556406
A2-only,95400,30,42767.874381636124,42615.966419713295,42982.5755410373
A2-only,96000,30,42760.13037935381,42613.22080425872,42982.53863559112
A2-only,96600,30,42756.139846178805,42605.26736338349,42979.09433102775
A2-only,97200,30,42747.138295065466,42594.32050315614,42973.128009748296
A2-only,97800,30,42737.351114543795,42589.48359000338,42969.57712241032
A2-only,98400,30,42728.81663824786,42582.30332244003,42960.774655390735
A2-only,99000,30,42723.57632557854,42578.05854535058,42960.47338977642
A2-only,99600,30,42722.03651090171,42577.01196785732,42959.37813786466
A2-only,100200,30,42721.65765019135,42574.66807983723,42955.376694526734
A2-only,100800,30,42716.42261988213,42571.65322373785,42953.82293983025
A2-only,101400,30,42710.57233256733,42571.05682348629,42951.719241459105
A2-only,102000,30,42709.59053949683,42567.91876053548,42945.68915410506
A2-only,102600,30,42708.60109702451,42566.495016984714,42942.669191685985
A2-only,103200,30,42704.793469051176,42565.39839633915,42931.52504175956
A2-only,103800,30,42704.793469051176,42562.59721107076,42929.203033336526
A2-only,104400,30,42702.178194928594,42561.80434897461,42906.43665473869
A2-only,105000,30,42701.4522965966,42559.92125880427,42895.5229805027
A2-only,105600,30,42693.567832943794,42558.11570664435,42889.380941388896
A2-only,106200,30,42690.22466208941,42556.23073871304,42882.632743136295
A2-only,106800,30,42689.53185814539,42554.94086087717,42876.75193249035
A2-only,107400,30,42687.175850120344,42554.513482826675,42871.84932616218
A2-only,108000,30,42677.414538792524,42550.95146681422,42867.737369932365
A2-only,108600,30,42675.2985398984,42549.87111222794,42867.15840052439
A2-only,109200,30,42667.877678384066,42548.70614434299,42860.570235779036
A2-only,109800,30,42660.95790980254,42547.254209665254,42858.19839045339
A2-only,110400,30,42657.79349635432,42546.311374956844,42855.59664042455
A2-only,111000,30,42654.03232245894,42542.738657898466,42854.997503553095
A2-only,111600,30,42648.51505793579,42537.66338601875,42854.11339849179
A2-only,112200,30,42645.24715965411,42531.50806361588,42851.243518293435
A2-only,112800,30,42637.462951766254,42526.75270521452,42850.47274382428
A2-only,113400,30,42636.64212663613,42524.38686112411,42846.230891191044
A2-only,114000,30,42631.63717182611,42523.33129933789,42842.420175978514
A2-only,114600,30,42629.09623196622,42520.44642586806,42837.457500556346
A2-only,115200,30,42628.805022860295,42519.82491861848,42830.217885955135
A2-only,115800,30,42625.48111159119,42518.498608768496,42825.325949029335
A2-only,116400,30,42618.60951677474,42516.55036209628,42815.120690999305
A2-only,117000,30,42612.44737250426,42514.872060972964,42800.40608777755
A2-only,117600,30,42606.652155469674,42513.45996500394,42798.15135786895
A2-only,118200,30,42605.155900766855,42512.31291716062,42796.649253319665
A2-only,118800,30,42602.53382455678,42510.534341962055,42793.02784771615
A2-only,119400,30,42598.51674298753,42507.700694560335,42789.99873302039
A2-only,120000,30,42598.013722914606,42504.73569153178,42784.7102435996
A2-only,120600,30,42594.959078202424,42504.31782639701,42782.12559195482
A2-only,121200,30,42591.167638124374,42502.08200771705,42778.88808682014
A2-only,121800,30,42585.68196324029,42499.7294471075,42773.57804425039
A2-only,122400,30,42584.86101262261,42499.2784953862,42770.96370553711
A2-only,123000,30,42582.22098226359,42496.91335333643,42761.51885052296
A2-only,123600,30,42581.79265606661,42490.41102892061,42760.61254265511
A2-only,124200,30,42580.633829234415,42489.713329260754,42757.447147220686
A2-only,124800,30,42579.580784561884,42485.03645740652,42749.69184875713
A2-only,125400,30,42578.11979168167,42484.16112447118,42738.88090096285
A2-only,126000,30,42577.76311323192,42483.92299044957,42726.087383200414
A2-only,126600,30,42576.73944197587,42482.47854552114,42711.80833809464
A2-only,127200,30,42575.88153241409,42481.72676525709,42698.545326785956
A2-only,127800,30,42574.71634220706,42479.43538554037,42694.76374885752
A2-only,128400,30,42572.54967958041,42479.320929227215,42684.95823549117
A2-only,129000,30,42570.342016680865,42478.51708491118,42679.95024093374
A2-only,129600,30,42569.52482985085,42478.18080916084,42675.59391587063
A2-only,130200,30,42567.63256009349,42476.576684647465,42660.59184348953
A2-only,130800,30,42565.16515768636,42475.84462369238,42655.58232952122
A2-only,131400,30,42563.58747221635,42474.697695652605,42651.75120205089
A2-only,132000,30,42561.88148864353,42474.56856970366,42648.363415573804
A2-only,132600,30,42561.59364043928,42474.162772880416,42645.213250167064
A2-only,133200,30,42560.547673593384,42473.1674467204,42642.98141075921
A2-only,133800,30,42555.81737412745,42472.692059987254,42639.281902425835
A2-only,134400,30,42553.89415847303,42471.92361890845,42633.661770915205
A2-only,135000,30,42549.919400913626,42471.598358537056,42632.67540294759
A2-only,135600,30,42548.1851454545,42470.861774362726,42630.20920164337
A2-only,136200,30,42547.417461982084,42470.603888607744,42628.434178281765
A2-only,136800,30,42545.243906643474,42469.85698201321,42625.79700841663
A2-only,137400,30,42543.33347672339,42467.885943274196,42624.18731959208
A2-only,138000,30,42542.158701273926,42467.38322462874,42620.56259703693
A2-only,138600,30,42539.437236132464,42467.06809960646,42618.60122922513
A2-only,139200,30,42537.920748287805,42465.27006821359,42616.641350475846
A2-only,139800,30,42535.96822263731,42464.037316848524,42615.541591707166
A2-only,140400,30,42534.3664314792,42463.20416163637,42614.527571500475
A2-only,141000,30,42532.24833757278,42462.17252983028,42612.05062948936
A2-only,141600,30,42530.84470536692,42461.319561079516,42610.54867390409
A2-only,142200,30,42529.10448800989,42460.368117797436,42609.447038167535
A2-only,142800,30,42527.34470497366,42458.97809761815,42606.941386528015
A2-only,143400,30,42524.3281407311,42458.50110417334,42601.74970305299
A2-only,144000,30,42523.371664260005,42457.12656134834,42601.50096844565
A2-only,144600,30,42520.91470817092,42456.8479603631,42598.99704673726
A2-only,145200,30,42519.496202459035,42455.9891246062,42598.13810929249
A2-only,145800,30,42518.22074024446,42455.29230178622,42596.120283320444
A2-only,146400,30,42517.037998567364,42454.50830026059,42594.91145144016
A2-only,147000,30,42516.2954858185,42453.387379320964,42591.69776265976
A2-only,147600,30,42514.43040102095,42452.62817822775,42591.5233296089
A2-only,148200,30,42513.03888457782,42450.9005576769,42591.49652912954
A2-only,148800,30,42513.03888457782,42450.78630133667,42589.31700187053
A2-only,149400,30,42512.25258533895,42450.34132717693,42587.79526724827
A2-only,150000,30,42510.88831551554,42449.078554877706,42587.79369384314
A2-only,150600,30,42509.64959958551,42448.35113013804,42586.852298253296
A2-only,151200,30,42508.48382808354,42448.06176917974,42585.16837319409
A2-only,151800,30,42508.220644397814,42447.738807182584,42581.76732567428
A2-only,152400,30,42506.8943081765,42447.51799747443,42581.30118585777
A2-only,153000,30,42505.95850475867,42446.81839241946,42578.893978891996
A2-only,153600,30,42503.68595093834,42446.35703071221,42576.8885840328
A2-only,154200,30,42503.30661954121,42445.73563593313,42576.07666747188
A2-only,154800,30,42501.00597531082,42445.35056452734,42572.9893488373
A2-only,155400,30,42498.21930058459,42445.21571043651,42572.86831520397
A2-only,156000,30,42496.11143377619,42443.47698454667,42571.15805967842
A2-only,156600,30,42494.101753335584,42443.2323340435,42566.59488986475
A2-only,157200,30,42492.246024353706,42441.900595293955,42560.53534403326
A2-only,157800,30,42491.12052279502,42440.72295223025,42552.02475089895
A2-only,158400,30,42490.485597414496,42439.189466582175,42551.628674989086
A2-only,159000,30,42487.337724924364,42438.93247940027,42549.094310347995
A2-only,159600,30,42485.75159914054,42437.845024632676,42546.96142238502
A2-only,160200,30,42484.64244598939,42437.43744818549,42540.5151472972
A2-only,160800,30,42482.46271017034,42436.42725753388,42539.210256517224
A2-only,161400,30,42481.68710587971,42436.02344209449,42535.19555502159
A2-only,162000,30,42481.23725536058,42435.699773762215,42532.51080900224
A2-only,162600,30,42479.62089006069,42434.662256331365,42528.968222464144
A2-only,163200,30,42476.54028536553,42433.85597103139,42526.57784509686
A2-only,163800,30,42474.44080571706,42433.7972624256,42526.290595210936
A2-only,164400,30,42471.38458679918,42433.367121945674,42524.69065643588
A2-only,165000,30,42470.534434350426,42433.094147219526,42522.917859232984
A2-only,165600,30,42467.76435342064,42432.63536049953,42522.189504454975
A2-only,166200,30,42466.6662023601,42432.00455143643,42520.15162159017
A2-only,166800,30,42464.718319530875,42431.449641712235,42518.72300187853
A2-only,167400,30,42462.93618705307,42431.1081228635,42517.07288303233
A2-only,168000,30,42460.57838844355,42430.585532204736,42516.198716274084
A2-only,168600,30,42459.76351273608,42429.727458506495,42514.41064220281
A2-only,169200,30,42459.324747768915,42429.40842353591,42513.440793025344
A2-only,169800,30,42458.67048756129,42428.53654850921,42512.095449592496
A2-only,170400,30,42458.2607170408,42428.023415788804,42511.279072422236
A2-only,171000,30,42457.99209310083,42427.80401728523,42510.30347079298
A2-only,171600,30,42456.504388017514,42427.497399572836,42509.4483538392
A2-only,172200,30,42454.96573131861,42427.48990815342,42509.1517040028
A2-only,172800,30,42454.45414064225,42427.3336476464,42509.036110058994
A2-only,173400,30,42454.06573426389,42426.499747364694,42508.08455037596
A2-only,174000,30,42453.815694203084,42425.924213135375,42506.858768450074
A2-only,174600,30,42452.51864528626,42425.26663481797,42504.78428683503
A2-only,175200,30,42451.937133913074,42424.80211689043,42503.64059337381
A2-only,175800,30,42451.22186095181,42424.17850664396,42503.319898233174
A2-only,176400,30,42450.138046701344,42424.16572318348,42502.878516932375
A2-only,177000,30,42449.82180750174,42424.09547642367,42502.08274268286
A2-only,177600,30,42448.56712098974,42424.05091917868,42500.31271534054
A2-only,178200,30,42448.099969076444,42424.00955427607,42500.115307313186
A2-only,178800,30,42447.562400856186,42423.82593049969,42498.601317828434
A2-only,179400,30,42446.88078696086,42423.62469408556,42497.83481480827
A2-only,180000,30,42446.51101569541,42422.47731745886,42495.987314741855
A2-only,180600,30,42446.44051009125,42422.38878324654,42495.708539708685
A2-only,181200,30,42446.1124698098,42422.29667448243,42494.830097787984
A2-only,181800,30,42445.314817572355,42421.73907764563,42493.370322198796
A2-only,182400,30,42444.68868395062,42421.55942356329,42491.901270716604
A2-only,183000,30,42444.59918022754,42421.096773404875,42491.12813740607
A2-only,183600,30,42444.24754873285,42421.00441371719,42490.02938163385
A2-only,184200,30,42444.01016382553,42420.62071746698,42489.64055885158
A2-only,184800,30,42443.26047352303,42420.313881510105,42488.16846288087
A2-only,185400,30,42442.83409152927,42420.07051282004,42486.807650611685
A2-only,186000,30,42442.340788526184,42419.40770234745,42485.86454816773
A2-only,186600,30,42441.979093408154,42418.55408466484,42484.441342811275
A2-only,187200,30,42441.43100796539,42418.55408466484,42483.85966098592
A2-only,187800,30,42440.60989080278,42418.4133469915,42483.51827707331
A2-only,188400,30,42440.286067732115,42418.01559093444,42483.02047875529
A2-only,189000,30,42440.031648559074,42417.71929901359,42482.75973944479
A2-only,189600,30,42439.74907780338,42417.396100806945,42482.37055331876
A2-only,190200,30,42439.2913931238,42417.26409657701,42481.16291183475
A2-only,190800,30,42438.81975762293,42416.90399994353,42481.046946436625
A2-only,191400,30,42438.42209030378,42416.77793993459,42480.8162977424
A2-only,192000,30,42438.22897136673,42416.60641942549,42480.367819710475
A2-only,192600,30,42437.3253211932,42416.34036014693,42479.7536821215
A2-only,193200,30,42437.241438936006,42416.18118757305,42479.29025990776
A2-only,193800,30,42436.891964937444,42415.787372166706,42478.588708776704
A2-only,194400,30,42436.49292124908,42415.713070133614,42478.27573272794
A2-only,195000,30,42435.69313620389,42415.257775567195,42478.09666281445
A2-only,195600,30,42435.522787569105,42414.99566897011,42477.79310645617
A2-only,196200,30,42435.34535642009,42414.808419763256,42477.34108397078
A2-only,196800,30,42434.86402642185,42414.277240092284,42476.82200509134
A2-only,197400,30,42434.60910580672,42413.70221213199,42475.71819121005
A2-only,198000,30,42434.20311583691,42413.37760029128,42475.11650302147
A2-only,198600,30,42433.584155419536,42413.27337656901,42474.27131642434
A2-only,199200,30,42432.66845771599,42413.006832889405,42473.81360386319
A2-only,199800,30,42432.283233077214,42412.355486013395,42473.462562470915
A2-only,200400,30,42431.84813508677,42412.07389855746,42473.28833353735
A2-only,201000,30,42431.50944250211,42411.876184564724,42472.94704120426
A2-only,201600,30,42430.742598844976,42411.77147645958,42472.80362667386
A2-only,202200,30,42430.45934326283,42411.19017156368,42472.54822044701
A2-only,202800,30,42429.37327518227,42410.68890602444,42472.25123848738
A2-only,203400,30,42428.79985921573,42410.27219805176,42471.51705063142
A2-only,204000,30,42428.60502867143,42410.089965224724,42470.65683079412
A2-only,204600,30,42428.094285281586,42409.944048640726,42470.44223675232
A2-only,205200,30,42427.87493070096,42409.811144740605,42470.32279163519
A2-only,205800,30,42427.34328554228,42409.76748388421,42469.72098245629
A2-only,206400,30,42427.216622064974,42409.58182208785,42468.895270650704
A2-only,207000,30,42427.09563961389,42409.564581272934,42467.95861219902
A2-only,207600,30,42426.60870541828,42409.360785737284,42467.18713565382
A2-only,208200,30,42426.242855802455,42409.239385201734,42467.04286224725
A2-only,208800,30,42425.94571248319,42409.0275278076,42466.86441684351
A2-only,209400,30,42425.7569487177,42408.86111425259,42466.607029078514
A2-only,210000,30,42425.03095190791,42408.59626608128,42466.23765490302
A2-only,210600,30,42424.82103034678,42408.36128165458,42465.84720348684
A2-only,211200,30,42424.767088388544,42408.34660792992,42465.66363736965
A2-only,211800,30,42423.852442649964,42408.306234855554,42465.62522406973
A2-only,212400,30,42423.79820299727,42408.23372839167,42465.43212100198
A2-only,213000,30,42423.22888432358,42408.133764446065,42465.11723647574
A2-only,213600,30,42422.90075355423,42407.88508217857,42465.01651339096
A2-only,214200,30,42422.07558240292,42407.70707653653,42464.05663437669
A2-only,214800,30,42421.47446265773,42407.54024697355,42462.842756719176
A2-only,215400,30,42421.1363342425,42407.47807085942,42462.29343850621
A2-only,216000,30,42420.675617390545,42407.44760480706,42460.9430808896
A2-only,216600,30,42420.57600496949,42407.36378535535,42460.90919541094
A2-only,217200,30,42420.14384855481,42407.333461969465,42460.51987806435
A2-only,217800,30,42419.816784341034,42407.31969902161,42459.81070305519
A2-only,218400,30,42419.40944730563,42407.02123929155,42459.81070305519
A2-only,219000,30,42419.40944730563,42406.618217327974,42459.278244323665
A2-only,219600,30,42419.26429944193,42406.58704928883,42459.018097701555
A2-only,220200,30,42419.26429944193,42406.352187061915,42458.72263093071
A2-only,220800,30,42419.04807549537,42405.831547436894,42458.27793153947
A2-only,221400,30,42418.885884334566,42405.19100005139,42458.27793153947
A2-only,222000,30,42418.84660485008,42405.06256963032,42458.204096040594
A2-only,222600,30,42418.72779766933,42405.06256963032,42457.83104789784
A2-only,223200,30,42418.665461602955,42405.042762770376,42457.557479930016
A2-only,223800,30,42417.682307180425,42404.91822635078,42457.06533197
A2-only,224400,30,42417.61873755303,42404.87962410855,42456.82172506265
A2-only,225000,30,42416.95737238442,42404.576513830805,42456.69700966343
A2-only,225600,30,42416.9158524794,42404.576513830805,42456.01824970162
A2-only,226200,30,42416.8428805016,42404.521362243286,42455.555644877735
A2-only,226800,30,42416.46852098362,42404.08930969692,42455.11262561122
A2-only,227400,30,42416.00297271853,42403.71991226936,42454.59246730867
A2-only,228000,30,42415.70255908837,42403.6531678431,42453.92393800816
A2-only,228600,30,42415.33264865112,42403.544162492384,42453.518128979515
A2-only,229200,30,42415.23962041408,42403.32957488917,42453.518128979515
A2-only,229800,30,42414.62740987918,42403.21473418372,42453.38858793707
A2-only,230400,30,42414.573971076185,42402.85562502133,42453.002317489045
A2-only,231000,30,42414.3147813424,42402.77381113984,42452.44928269678
A2-only,231600,30,42414.31469355604,42402.77381113984,42452.28981374371
A2-only,232200,30,42414.212802459006,42402.76594640253,42451.91644379236
A2-only,232800,30,42414.07953304038,42402.69687680226,42451.91644379236
A2-only,233400,30,42413.83455877725,42402.2722725351,42451.809141543155
A2-only,234000,30,42413.83455877725,42401.41997404082,42451.58663845675
A2-only,234600,30,42413.75543018322,42400.70602854963,42451.51005151571
A2-only,235200,30,42413.51247111133,42400.55300235143,42451.303760675946
A2-only,235800,30,42413.40469495714,42400.227072014815,42451.217357582376
A2-only,236400,30,42413.28282418974,42400.00080612469,42451.16575704086
A2-only,237000,30,42413.19340392019,42399.92590999733,42450.87303811054
A2-only,237600,30,42412.97201707972,42399.89766170263,42450.830532596985
A2-only,238200,30,42412.80072104122,42399.61350385773,42450.76326297759
A2-only,238800,30,42412.60060516368,42399.44479620023,42450.741359124266
A2-only,239400,30,42412.58619974885,42399.32781145182,42450.448104287134
A2-only,240000,30,42412.365846913715,42399.27907673777,42449.9367909354
A2-only,240600,30,42412.10014890559,42399.24225233249,42449.72923940929
A2-only,241200,30,42411.69742332414,42399.184035224716,42449.12695940377
A2-only,241800,30,42411.21964598779,42399.09236036996,42448.402772212656
A2-only,242400,30,42410.79434243677,42398.98107960954,42448.375463724835
A2-only,243000,30,42410.72891252952,42398.93921588075,42448.18436486183
A2-only,243600,30,42410.30578822772,42398.88775817447,42447.80077883419
A2-only,244200,30,42410.29518746791,42398.79598773102,42447.80077883419
A2-only,244800,30,42409.0531690947,42398.71938144488,42447.545920585086
A2-only,245400,30,42409.017598381535,42398.503026969076,42447.5402239547
A2-only,246000,30,42408.55669742687,42398.41823654587,42447.52858522089
A2-only,246600,30,42408.5190658332,42398.294952321645,42447.48932747406
A2-only,247200,30,42408.38212022154,42398.09390340342,42447.34460714952
A2-only,247800,30,42408.38212022154,42397.90822221261,42447.34460714952
A2-only,248400,30,42408.33609577565,42397.67875876433,42447.25476705691
A2-only,249000,30,42408.21748957349,42397.4849051528,42447.18840679393
A2-only,249600,30,42407.9875908109,42397.179690158315,42447.10766671136
A2-only,250200,30,42407.84939234737,42397.175408025294,42447.001787246045
A2-only,250800,30,42407.82102731732,42397.17249273645,42446.97259152723
A2-only,251400,30,42407.75965843261,42397.11125512399,42446.52310646816
A2-only,252000,30,42407.50418771191,42397.03823762376,42446.42676935358
A2-only,252600,30,42407.39473806543,42396.94561633727,42446.135208452266
A2-only,253200,30,42407.17008078749,42396.72405556375,42444.45914942144
A2-only,253800,30,42406.982649719546,42396.70775590399,42443.53533486772
A2-only,254400,30,42406.96182080585,42396.50018533642,42442.86219968823
A2-only,255000,30,42406.92110488626,42396.23783772225,42442.5408819108
A2-only,255600,30,42406.875766022604,42396.012020490714,42441.705993228454
A2-only,256200,30,42406.78589849715,42395.83371466051,42441.62962052371
A2-only,256800,30,42405.910912201216,42395.523085966284,42441.19890498389
A2-only,257400,30,42405.44658892101,42395.34145762997,42441.19890498389
A2-only,258000,30,42405.264831334345,42395.00527156286,42440.42485994961
A2-only,258600,30,42404.87319370601,42394.99362083432,42439.68297350362
A2-only,259200,30,42404.635310289086,42394.98570696392,42439.5898878357
A2-only,259800,30,42404.144117482414,42394.838996723185,42439.425863509314
A2-only,260400,30,42403.18012428693,42394.831301996746,42439.37853253495
A2-only,261000,30,42403.15584583373,42394.74925876084,42438.35815934642
A2-only,261600,30,42402.82869213098,42394.72210427582,42437.349839776696
A2-only,262200,30,42402.45497109638,42394.7062019239,42437.040702761915
A2-only,262800,30,42401.7139432206,42394.65340970631,42436.4113245299
A2-only,263400,30,42401.7139432206,42394.60559952509,42435.89853810906
A2-only,264000,30,42401.20283211251,42394.56502018182,42435.85637372914
A2-only,264600,30,42401.10382974561,42394.34105514188,42435.19411450103
A2-only,265200,30,42401.038816331675,42394.29316755032,42435.08236857456
A2-only,265800,30,42400.96389214186,42393.96753541959,42434.05617068192
A2-only,266400,30,42400.53763011121,42393.96729113642,42432.64052821227
A2-only,267000,30,42400.49374760642,42393.85012442545,42431.90726213992
A2-only,267600,30,42400.05894621916,42393.703769952845,42431.87705229505
A2-only,268200,30,42399.65784992659,42393.60312074476,42431.82088709263
A2-only,268800,30,42399.43056762454,42393.452669402104,42431.76297801046
A2-only,269400,30,42399.312082918856,42393.37503411459,42431.76297801046
A2-only,270000,30,42398.370470198744,42393.340699040724,42431.69853508893
A2-only,270600,30,42398.275030509525,42392.99304017301,42431.39433537881
A2-only,271200,30,42398.07260566156,42392.798314944244,42431.21456410499
A2-only,271800,30,42397.4881744177,42392.28985614871,42431.02618253555
A2-only,272400,30,42397.45845067934,42391.7959399014,42430.55386102336
A2-only,273000,30,42397.45845067934,42391.70429153187,42430.53801380075
A2-only,273600,30,42397.328215190915,42391.64961404062,42430.53801380075
A2-only,274200,30,42397.23460327067,42391.48898046508,42430.525464678794
A2-only,274800,30,42397.16878947164,42391.47041240499,42430.438479551194
A2-only,275400,30,42396.94867025052,42391.41571633478,42430.438479551194
A2-only,276000,30,42396.83714922673,42391.27263568713,42430.353417056205
A2-only,276600,30,42396.76433413669,42391.15646172872,42430.17984804565
A2-only,277200,30,42396.57439316406,42391.15646172872,42429.95395679559
A2-only,277800,30,42396.36831531875,42391.05827599103,42429.63255761773
A2-only,278400,30,42396.30381514967,42390.9010680245,42428.966667226734
A2-only,279000,30,42396.15056090692,42390.88272326689,42428.64915326156
A2-only,279600,30,42395.98291075319,42390.82670315286,42428.45203124716
A2-only,280200,30,42395.84382711635,42390.823148181706,42428.31803330347
A2-only,280800,30,42395.69374056035,42390.704204886555,42427.50124728071
A2-only,281400,30,42395.67346103542,42390.44181909687,42427.50124728071
A2-only,282000,30,42395.49542855671,42390.299628909466,42427.359505018605
A2-only,282600,30,42395.49542855671,42390.16242753051,42427.14163252323
A2-only,283200,30,42395.49542855671,42390.10554602004,42426.3801818172
A2-only,283800,30,42395.45052945228,42389.77711900922,42426.065985038935
A2-only,284400,30,42395.40099067356,42389.25158459151,42425.98269278973
A2-only,285000,30,42395.24217582289,42389.25158459151,42425.91777936072
A2-only,285600,30,42395.24217582289,42388.81426163389,42425.88421565078
A2-only,286200,30,42395.14923202849,42388.75455362606,42425.83999473354
A2-only,286800,30,42395.03567365631,42388.53127036383,42425.366000125716
A2-only,287400,30,42395.03567365631,42388.13694752487,42425.251645107055
A2-only,288000,30,42394.858635666125,42388.1110847559,42425.18884355772
A2-only,288600,30,42394.858635666125,42388.048481273014,42424.73146384511
A2-only,289200,30,42394.845367804446,42387.9855702137,42424.40891744447
A2-only,289800,30,42394.7512400674,42387.83713383948,42423.78055808123
A2-only,290400,30,42394.7512400674,42387.82596137417,42423.612457163035
A2-only,291000,30,42394.630489704985,42387.82596137417,42422.567689895186
A2-only,291600,30,42394.502135763294,42387.700533734715,42422.55843039788
A2-only,292200,30,42394.42248530172,42387.680605693226,42422.17965121377
A2-only,292800,30,42394.32410886961,42387.64765518626,42421.36938415457
A2-only,293400,30,42394.00209279907,42387.64765518626,42421.344974283034
A2-only,294000,30,42393.97887050965,42387.53961508748,42421.15700600602
A2-only,294600,30,42393.887447903064,42387.469938202514,42420.8985996406
A2-only,295200,30,42393.82600430959,42387.37795670181,42420.6982891537
A2-only,295800,30,42393.75144603565,42387.31515359115,42419.9767348093
A2-only,296400,30,42393.75144603565,42387.15715740873,42419.92235534436
A2-only,297000,30,42393.706253093274,42387.1392731431,42419.66832100582
A2-only,297600,30,42393.67025099178,42386.96951525469,42419.24931802557
A2-only,298200,30,42393.6151115265,42386.94905777183,42419.09574612817
A2-only,298800,30,42393.58603148192,42386.94599933982,42418.9696776631
A2-only,299400,30,42393.44469640695,42386.78330255835,42418.75193128527
A2-only,300000,30,42393.44469640695,42386.74378919433,42418.634459193294
A2-only,300600,30,42393.43382761431,42386.386725513934,42418.4771918139
A3-only,12000,9,46024.38766370589,45056.734299277,46839.65279931392
A3-only,12600,10,45998.98190515662,45086.696541054946,46771.508879773246
A3-only,13200,13,45852.436956188816,44904.66934535839,46435.37642881301
A3-only,13800,15,45852.436956188816,44823.97019851452,46624.38387255041
A3-only,14400,18,45719.61507505865,44984.76081238654,46811.632946301186
A3-only,15000,22,45719.61507505865,44776.662539219615,46375.50195998803
A3-only,15600,24,45715.879253302104,44763.76677412662,46457.43809822411
A3-only,16200,25,45763.634808157614,44764.96505604119,46316.06350566626
A3-only,16800,26,45773.835999709074,44767.849039193075,46405.05213361413
A3-only,17400,28,45641.10216807228,44604.82246345875,46465.8738389694
A3-only,18000,28,45558.742478220345,44604.82246345875,46465.8738389694
A3-only,18600,28,45508.62702351271,44565.75804243854,46465.8738389694
A3-only,19200,28,45456.790307889816,44545.94952337947,46465.8738389694
A3-only,19800,28,45422.86338152127,44489.10841386844,46459.121373420836
A3-only,20400,29,45400.87592806088,44486.190848923405,46434.71500959676
A3-only,21000,29,45400.87592806088,44397.825651112486,46396.70977354313
A3-only,21600,30,45318.31488127682,44467.177868166,46124.399355991656
A3-only,22200,30,45318.31488127682,44325.265580277126,46089.01591054209
A3-only,22800,30,45296.652322702066,44325.265580277126,45970.56716971795
A3-only,23400,30,45211.63064789142,44325.265580277126,45969.21941640212
A3-only,24000,30,45186.34037521407,44278.09089256326,45935.553928209556
A3-only,24600,30,45090.526188810836,44238.742099922856,45780.00894523354
A3-only,25200,30,45022.04603828031,44218.28903095285,45780.00894523354
A3-only,25800,30,44937.82042099681,44218.28903095285,45691.11251826831
A3-only,26400,30,44829.76831008724,44174.47633616144,45691.11251826831
A3-only,27000,30,44829.76831008724,44130.35139424019,45663.34125398611
A3-only,27600,30,44778.131409845955,44020.279233790316,45632.09968997619
A3-only,28200,30,44761.20668750565,43978.93372063547,45620.418049293265
A3-only,28800,30,44761.20668750565,43894.57003937879,45551.965489016315
A3-only,29400,30,44669.69291498572,43823.97691032613,45500.080944566864
A3-only,30000,30,44606.21290046685,43815.60331257315,45230.07965831557
A3-only,30600,30,44592.84275902038,43803.89336455353,45181.296322417904
A3-only,31200,30,44556.09427323326,43788.230869949235,45181.296322417904
A3-only,31800,30,44545.56707351057,43779.79417394937,45179.80776695323
A3-only,32400,30,44521.50435274026,43779.79417394937,45179.80776695323
A3-only,33000,30,44396.52945300401,43604.99769272419,45165.259056791605
A3-only,33600,30,44310.9580183754,43576.156227494204,45113.28510957259
A3-only,34200,30,44298.80777961013,43576.156227494204,45073.09564889924
A3-only,34800,30,44298.80777961013,43546.8056465159,45073.09564889924
A3-only,35400,30,44221.69176679707,43524.69169119392,45059.07383822084
A3-only,36000,30,44212.46794216565,43513.40316775936,45059.07383822084
A3-only,36600,30,44212.46794216565,43454.34511931703,45059.07383822084
A3-only,37200,30,44212.46794216565,43454.34511931703,44773.51466583493
A3-only,37800,30,44195.444353022795,43436.61256531077,44715.34851669247
A3-only,38400,30,44135.598819051345,43434.44498862578,44633.112539430425
A3-only,39000,30,44004.2479302414,43377.33784199538,44560.15004316438
A3-only,39600,30,44004.2479302414,43337.10592330557,44560.15004316438
A3-only,40200,30,43859.97395437599,43325.05260172019,44543.17766821611
A3-only,40800,30,43839.42434120209,43325.05260172019,44534.13003123764
A3-only,41400,30,43813.63266918315,43311.83859782893,44504.95497289214
A3-only,42000,30,43791.03893706296,43291.19672974395,44423.53916209375
A3-only,42600,30,43719.20669277408,43276.02814390931,44408.82499530746
A3-only,43200,30,43719.20669277408,43271.23490257215,44387.53354190888
A3-only,43800,30,43696.33486667405,43243.767179064904,44387.53354190888
A3-only,44400,30,43615.09688369604,43239.913931313895,44387.53354190888
A3-only,45000,30,43581.24390832368,43223.15259191187,44383.14234270186
A3-only,45600,30,43560.493614926934,43223.147765969865,44358.182338485494
A3-only,46200,30,43560.493614926934,43183.49948699078,44358.182338485494
A3-only,46800,30,43560.493614926934,43183.49948699078,44257.19981040186
A3-only,47400,30,43541.576695182914,43183.49948699078,44240.46884988819
A3-only,48000,30,43539.88833748931,43180.69188962961,44240.46884988819
A3-only,48600,30,43492.843299183034,43175.001198577396,44209.965303923804
A3-only,49200,30,43492.843299183034,43155.339532179925,44209.965303923804
A3-only,49800,30,43462.39500429623,43154.26477237554,44209.965303923804
A3-only,50400,30,43427.27018262022,43152.23418527104,44072.73835348889
A3-only,51000,30,43378.36052765737,43152.23418527104,44012.987737218704
A3-only,51600,30,43378.36052765737,43140.49068356024,44012.987737218704
A3-only,52200,30,43312.45252298915,43138.221970252285,43978.68140730381
A3-only,52800,30,43299.942061766065,43138.221970252285,43961.34562936057
A3-only,53400,30,43299.942061766065,43120.14860157075,43956.38066476972
A3-only,54000,30,43284.616484523096,43120.14860157075,43956.38066476972
A3-only,54600,30,43247.16007699579,43102.05518261257,43931.76402820617
A3-only,55200,30,43231.9494301731,43094.63578470225,43806.96276785074
A3-only,55800,30,43231.9494301731,43093.269421922625,43806.96276785074
A3-only,56400,30,43207.29743745789,43083.49118434414,43538.61544190222
A3-only,57000,30,43207.29743745789,43060.07846011547,43529.947811846236
A3-only,57600,30,43207.29743745789,43045.806933828295,43511.82442022998
A3-only,58200,30,43162.684512471606,43042.66534290076,43434.63939074034
A3-only,58800,30,43162.51495665447,43033.60595757533,43428.058097776564
A3-only,59400,30,43142.55312596707,43022.54069170993,43402.82229618949
A3-only,60000,30,43121.37846085035,43020.765382472746,43396.551239266264
A3-only,60600,30,43083.38275437376,42994.3457088831,43369.51970196287
A3-only,61200,30,43078.28691468673,42994.3457088831,43365.0472431338
A3-only,61800,30,43070.82052439743,42988.070314368655,43346.82775500481
A3-only,62400,30,43048.856062857536,42988.070314368655,43346.82775500481
A3-only,63000,30,43048.856062857536,42987.937539037615,43346.08672221797
A3-only,63600,30,43048.48421139823,42987.937539037615,43333.34533156077
A3-only,64200,30,43047.36395984019,42987.937539037615,43333.34533156077
A3-only,64800,30,43025.74267504088,42981.21922318882,43273.24092608025
A3-only,65400,30,43020.46070270925,42971.37170144603,43272.255205186564
A3-only,66000,30,43019.43005157803,42959.9430074641,43255.376461824366
A3-only,66600,30,43016.820361385195,42959.63501857156,43246.5892564327
A3-only,67200,30,43001.18756425636,42948.108428290936,43242.41177716103
A3-only,67800,30,43001.18756425636,42948.088669097815,43198.52148186464
A3-only,68400,30,42988.738175490784,42935.59091805127,43198.52148186464
A3-only,69000,30,42988.738175490784,42935.59091805127,43184.977453729865
A3-only,69600,30,42986.69028338991,42931.17976610276,43176.831675114096
A3-only,70200,30,42978.14967037511,42898.74690527569,43174.07973849998
A3-only,70800,30,42958.219422853974,42883.28361722926,43167.34774214726
A3-only,71400,30,42950.142435421156,42859.81418849122,43164.6685201858
A3-only,72000,30,42950.142435421156,42845.46422179784,43148.13045337729
A3-only,72600,30,42950.142435421156,42842.906047038225,43148.13045337729
A3-only,73200,30,42950.142435421156,42841.87194371754,43141.10640105873
A3-only,73800,30,42934.652279211834,42821.86325816895,43138.80592383262
A3-only,74400,30,42933.737991106034,42820.94165760812,43136.68322156938
A3-only,75000,30,42923.61636582609,42820.227500331726,43136.68322156938
A3-only,75600,30,42905.7103799459,42800.23507686469,43085.290032617406
A3-only,76200,30,42905.7103799459,42798.42662164825,43085.290032617406
A3-only,76800,30,42898.815019990965,42797.60883886836,43085.290032617406
A3-only,77400,30,42886.28078960531,42797.60883886836,43063.72569917343
A3-only,78000,30,42884.373915195814,42794.23513257824,43032.42031217088
A3-only,78600,30,42884.373915195814,42791.43972163735,43032.42031217088
A3-only,79200,30,42884.0130812415,42791.43972163735,43027.83383707383
A3-only,79800,30,42849.66375974387,42781.517363617546,43024.818984113386
A3-only,80400,30,42846.97229002505,42780.8926246763,43024.818984113386
A3-only,81000,30,42834.69766149401,42759.32953310615,43024.818984113386
A3-only,81600,30,42834.69766149401,42759.32953310615,43018.074057212274
A3-only,82200,30,42822.26916491163,42759.32953310615,43007.834153490505
A3-only,82800,30,42822.26916491163,42758.610549928475,43005.938350066994
A3-only,83400,30,42816.857531358946,42743.36699824048,42998.452011228095
A3-only,84000,30,42816.857531358946,42738.86594053869,42995.65432949233
A3-only,84600,30,42811.63380047769,42738.86594053869,42995.65432949233
A3-only,85200,30,42811.63380047769,42738.2388469082,42992.21775474258
A3-only,85800,30,42811.63380047769,42728.003496168574,42985.41338649309
A3-only,86400,30,42807.01643353935,42727.434207738035,42985.41338649309
A3-only,87000,30,42799.3360194324,42717.37428393412,42964.42510124965
A3-only,87600,30,42796.73123318494,42717.37428393412,42951.83421517125
A3-only,88200,30,42786.24704847842,42717.37428393412,42943.51032057175
A3-only,88800,30,42775.68572984879,42698.422757869426,42938.98116198233
A3-only,89400,30,42775.68572984879,42698.422757869426,42936.440330555546
A3-only,90000,30,42774.47525706037,42697.99669369853,42918.55277620036
A3-only,90600,30,42769.08937416483,42697.99669369853,42918.55277620036
A3-only,91200,30,42768.08440476106,42691.53830803903,42918.55277620036
A3-only,91800,30,42757.0231904207,42676.729046065,42891.78530176259
A3-only,92400,30,42752.59438371936,42665.292303531794,42853.06870142988
A3-only,93000,30,42752.105402456655,42665.292303531794,42853.06870142988
A3-only,93600,30,42742.82595990817,42662.28425265877,42851.771555130836
A3-only,94200,30,42741.32053706525,42653.46045319027,42839.55980874257
A3-only,94800,30,42731.32902794898,42650.710307964495,42836.02597938644
A3-only,95400,30,42728.38672683912,42648.45707229665,42835.415191486216
A3-only,96000,30,42728.38672683912,42638.870288942235,42821.61347579076
A3-only,96600,30,42706.83037868641,42632.40866353506,42819.212198305504
A3-only,97200,30,42706.83037868641,42632.40866353506,42817.900202223085
A3-only,97800,30,42699.14483452474,42631.84889246413,42817.029071042125
A3-only,98400,30,42697.948628673505,42629.90203229939,42802.388709543564
A3-only,99000,30,42697.948628673505,42629.90203229939,42802.377353697295
A3-only,99600,30,42694.54322935271,42610.20039738124,42795.641836469644
A3-only,100200,30,42693.83220438496,42609.094084885975,42793.304466046706
A3-only,100800,30,42680.87361349679,42606.97451476972,42793.304466046706
A3-only,101400,30,42680.87361349679,42599.34868683816,42793.304466046706
A3-only,102000,30,42679.89506694504,42597.3042039621,42788.00206294722
A3-only,102600,30,42676.58549051068,42586.81764351936,42785.66505762164
A3-only,103200,30,42674.8252574389,42586.32877383723,42778.17747242276
A3-only,103800,30,42672.685524075656,42586.32877383723,42778.17747242276
A3-only,104400,30,42670.37555696358,42585.6297028894,42778.17747242276
A3-only,105000,30,42661.98671382826,42585.6297028894,42767.06854675776
A3-only,105600,30,42661.98671382826,42585.6297028894,42767.06854675776
A3-only,106200,30,42654.57264323125,42581.91200068923,42767.06854675776
A3-only,106800,30,42654.57264323125,42578.15117925606,42767.06854675776
A3-only,107400,30,42652.32694221792,42578.15117925606,42761.651413874875
A3-only,108000,30,42649.12834793782,42575.471894335526,42758.32612356584
A3-only,108600,30,42649.12834793782,42571.77803808682,42748.49539708224
A3-only,109200,30,42647.192466572094,42570.33195821903,42748.49539708224
A3-only,109800,30,42646.07798465714,42569.363172677215,42748.4338099159
A3-only,110400,30,42642.22277772622,42568.11430134275,42727.28709457565
A3-only,111000,30,42642.22277772622,42562.49191360643,42724.50435665116
A3-only,111600,30,42642.18904328543,42561.54028343648,42719.446700182896
A3-only,112200,30,42633.97985333369,42559.68475705224,42718.57020706864
A3-only,112800,30,42629.01867482286,42559.18341300046,42716.69726130781
A3-only,113400,30,42629.01867482286,42559.130375214336,42700.95587055707
A3-only,114000,30,42625.79359225328,42558.10267522075,42700.95587055707
A3-only,114600,30,42618.53296460357,42554.63327237216,42700.759418524955
A3-only,115200,30,42618.53296460357,42552.31672540671,42691.69482486234
A3-only,115800,30,42614.65323599687,42548.744883446474,42691.660805880485
A3-only,116400,30,42610.31109283393,42547.337380225,42690.470458957134
A3-only,117000,30,42609.28921582007,42546.122571545115,42687.79067044564
A3-only,117600,30,42608.17632485983,42546.122571545115,42681.10008198958
A3-only,118200,30,42606.73667963648,42545.37397212957,42674.24429429404
A3-only,118800,30,42606.73667963648,42543.958202688635,42674.24429429404
A3-only,119400,30,42602.21693811784,42543.958202688635,42674.01449192091
A3-only,120000,30,42597.41110533346,42542.69033674292,42666.36114216148
A3-only,120600,30,42593.08813191454,42542.69033674292,42663.22648172903
A3-only,121200,30,42593.08813191454,42536.711540315344,42663.22648172903
A3-only,121800,30,42582.58325711285,42531.46598377039,42663.22648172903
A3-only,122400,30,42577.74986258267,42529.465682218506,42660.14424181807
A3-only,123000,30,42577.74986258267,42529.465682218506,42649.36439115077
A3-only,123600,30,42576.71136255348,42527.90140158437,42645.957095952974
A3-only,124200,30,42574.98894365343,42526.284356440694,42643.301176687295
A3-only,124800,30,42572.375434379275,42526.284356440694,42642.79401459467
A3-only,125400,30,42570.057396075026,42526.284356440694,42640.95775427658
A3-only,126000,30,42564.6710034923,42523.93132150969,42640.80748064198
A3-only,126600,30,42563.82417824833,42523.52545444557,42640.23263312859
A3-only,127200,30,42563.82417824833,42522.88790528704,42640.23263312859
A3-only,127800,30,42561.40981823389,42522.88790528704,42637.65171127255
A3-only,128400,30,42560.10733148173,42522.88790528704,42629.950049707004
A3-only,129000,30,42560.10733148173,42522.45627204291,42629.950049707004
A3-only,129600,30,42559.32629781806,42522.26070586947,42629.950049707004
A3-only,130200,30,42556.763600692044,42521.88484509712,42628.44649664346
A3-only,130800,30,42556.763600692044,42518.17199895886,42615.604628223875
A3-only,131400,30,42555.48406819739,42517.0671141386,42615.08644194083
A3-only,132000,30,42553.25451594,42516.56175436365,42610.07319494105
A3-only,132600,30,42553.25451594,42516.56175436365,42608.72517311721
A3-only,133200,30,42549.73301910001,42514.01340780902,42605.29590744973
A3-only,133800,30,42546.39722989481,42514.01340780902,42603.25310169162
A3-only,134400,30,42545.40011591771,42514.01340780902,42596.45081987321
A3-only,135000,30,42544.951304105045,42513.77508121586,42590.93759344175
A3-only,135600,30,42542.44784070069,42510.05048309926,42587.73656520216
A3-only,136200,30,42539.050727090325,42510.05048309926,42587.13818890104
A3-only,136800,30,42536.52685000049,42510.05048309926,42587.00082619176
A3-only,137400,30,42535.85838676384,42508.020400905516,42586.581560933046
A3-only,138000,30,42532.24756554353,42508.020400905516,42584.97462895078
A3-only,138600,30,42528.65580829347,42508.020400905516,42583.32951107278
A3-only,139200,30,42527.80226184875,42505.08323943991,42578.929667139484
A3-only,139800,30,42527.635660775784,42503.8586972562,42578.28375225373
A3-only,140400,30,42524.50177041798,42503.597212414374,42577.935799127226
A3-only,141000,30,42522.95774287619,42503.597212414374,42573.49023471139
A3-only,141600,30,42520.7619018416,42501.11088511942,42573.49023471139
A3-only,142200,30,42520.7619018416,42501.11088511942,42573.49023471139
A3-only,142800,30,42518.56004772239,42501.11088511942,42564.53081923185
A3-only,143400,30,42517.285544698985,42498.865419058675,42560.13618141283
A3-only,144000,30,42517.266188934,42496.44109912282,42558.41828416733
A3-only,144600,30,42517.07432704173,42495.503772665375,42550.58016565112
A3-only,145200,30,42517.07432704173,42492.16667185097,42550.46107762694
A3-only,145800,30,42511.62618833898,42490.264532442656,42550.136227713905
A3-only,146400,30,42506.75982541182,42490.264532442656,42550.136227713905
A3-only,147000,30,42503.53656509219,42488.53328472319,42549.45836791572
A3-only,147600,30,42501.709406421054,42486.6922313495,42549.212591915915
A3-only,148200,30,42500.98926585752,42486.3275371167,42544.866400574356
A3-only,148800,30,42497.55212282292,42486.3275371167,42541.06782118296
A3-only,149400,30,42497.55212282292,42486.3275371167,42540.97774494729
A3-only,150000,30,42497.05181009181,42483.268284316415,42540.97774494729
A3-only,150600,30,42496.08811853806,42483.268284316415,42540.97774494729
A3-only,151200,30,42493.12163852495,42482.71671469629,42540.0830759891
A3-only,151800,30,42493.12163852495,42482.71671469629,42539.45139123236
A3-only,152400,30,42493.12163852495,42480.429081593276,42536.1908615546
A3-only,153000,30,42492.68342340047,42473.42688591502,42536.1908615546
A3-only,153600,30,42491.35741166899,42473.42688591502,42535.79979152237
A3-only,154200,30,42490.37463103366,42471.6235396547,42532.66422363641
A3-only,154800,30,42489.53764356081,42468.52763762223,42532.16113131087
A3-only,155400,30,42489.216187080136,42468.52763762223,42527.10296513572
A3-only,156000,30,42489.07545633938,42465.729051509305,42522.320021595195
A3-only,156600,30,42485.35203015084,42465.289549981695,42522.320021595195
A3-only,157200,30,42484.544130960974,42464.84820116448,42521.35995179846
A3-only,157800,30,42483.54342844701,42464.80050245686,42521.35995179846
A3-only,158400,30,42483.43671677419,42463.60387647356,42520.79785129873
A3-only,159000,30,42482.3680239111,42463.60387647356,42519.44210357489
A3-only,159600,30,42482.01224606413,42461.74558265999,42519.44210357489
A3-only,160200,30,42479.38076704434,42461.56938170681,42519.23512376416
A3-only,160800,30,42479.11557641921,42461.56938170681,42516.49097813949
A3-only,161400,30,42479.11557641921,42461.56938170681,42516.129004885086
A3-only,162000,30,42477.38973288292,42456.87431733328,42514.529284238146
A3-only,162600,30,42474.76968976657,42456.87431733328,42514.529284238146
A3-only,163200,30,42473.81688823653,42456.87431733328,42514.529284238146
A3-only,163800,30,42473.18835645299,42456.717584662496,42514.0700628866
A3-only,164400,30,42471.23218848727,42456.36697220662,42514.05666177573
A3-only,165000,30,42470.37383042462,42454.98670280635,42514.05666177573
A3-only,165600,30,42469.021735204224,42454.155277353,42513.7737425776
A3-only,166200,30,42468.80343282791,42451.610826800395,42513.7737425776
A3-only,166800,30,42468.80343282791,42451.50315771583,42512.03129645968
A3-only,167400,30,42468.54119838652,42449.01791357852,42510.90991064056
A3-only,168000,30,42468.54119838652,42448.635489109896,42510.90991064056
A3-only,168600,30,42468.15739695773,42448.635489109896,42508.184122552186
A3-only,169200,30,42466.31097318992,42448.40292525848,42507.272044733654
A3-only,169800,30,42465.994929144465,42447.511798381245,42506.77961458705
A3-only,170400,30,42464.26607183945,42447.511798381245,42504.38524761202
A3-only,171000,30,42463.25847722682,42444.11648608456,42504.38524761202
A3-only,171600,30,42460.97895891634,42444.11648608456,42502.246379277174
A3-only,172200,30,42460.45972620565,42443.912712433026,42502.246379277174
A3-only,172800,30,42460.45972620565,42443.55910543108,42499.54653426381
A3-only,173400,30,42460.229159232156,42441.83727252012,42499.01517001835
A3-only,174000,30,42459.71229725461,42441.83727252012,42497.55305681948
A3-only,174600,30,42459.71229725461,42441.83727252012,42497.11611165946
A3-only,175200,30,42459.265093306785,42439.94799721096,42497.11611165946
A3-only,175800,30,42456.854520053996,42439.30225426606,42493.07288542508
A3-only,176400,30,42455.23614660265,42439.21346364125,42490.98979198183
A3-only,177000,30,42454.50512603695,42439.21346364125,42489.83401095474
A3-only,177600,30,42454.50512603695,42439.13526312006,42488.620632846534
A3-only,178200,30,42454.50512603695,42438.22394540621,42488.620632846534
A3-only,178800,30,42454.50512603695,42438.22394540621,42488.221678852184
A3-only,179400,30,42453.48220598645,42436.480237989796,42485.282955351715
A3-only,180000,30,42453.48220598645,42436.21136518391,42480.057563403185
A3-only,180600,30,42453.0684466401,42435.79846282882,42480.057563403185
A3-only,181200,30,42451.86879221305,42435.79846282882,42477.7630075555
A3-only,181800,30,42451.75258292961,42435.75923972516,42476.11739322148
A3-only,182400,30,42450.71416706353,42435.75923972516,42476.11739322148
A3-only,183000,30,42450.71416706353,42435.75923972516,42475.11628202034
A3-only,183600,30,42449.226389759686,42435.75923972516,42474.01931882179
A3-only,184200,30,42449.226389759686,42435.727602810075,42474.01931882179
A3-only,184800,30,42449.138994579014,42434.4788965916,42474.01931882179
A3-only,185400,30,42449.138994579014,42434.09206527265,42471.155059740595
A3-only,186000,30,42448.42502800101,42434.09206527265,42471.15349451375
A3-only,186600,30,42448.42502800101,42432.67682314412,42470.86306750861
A3-only,187200,30,42448.42502800101,42432.67682314412,42470.86306750861
A3-only,187800,30,42447.827061740376,42430.828805957855,42468.49959950608
A3-only,188400,30,42447.71228477858,42430.806281770325,42467.59552886104
A3-only,189000,30,42446.91082077523,42430.4384303137,42467.59552886104
A3-only,189600,30,42446.061769737746,42430.39011309228,42466.63549761148
A3-only,190200,30,42444.78594802136,42430.39011309228,42466.63549761148
A3-only,190800,30,42444.78594802136,42430.39011309228,42465.29635581394
A3-only,191400,30,42444.78594802136,42430.15576779946,42461.75261312284
A3-only,192000,30,42444.78594802136,42428.157130783075,42460.815817589064
A3-only,192600,30,42444.57622597093,42428.157130783075,42460.815817589064
A3-only,193200,30,42441.71361963815,42428.157130783075,42459.85063621267
A3-only,193800,30,42441.71361963815,42427.88575814103,42459.85063621267
A3-only,194400,30,42441.71361963815,42427.88575814103,42456.81676554239
A3-only,195000,30,42441.71361963815,42427.88575814103,42456.81676554239
A3-only,195600,30,42441.71361963815,42427.21362403704,42456.771701101374
A3-only,196200,30,42441.71361963815,42427.21362403704,42456.7307559225
A3-only,196800,30,42441.71361963815,42426.84766472421,42455.87574529785
A3-only,197400,30,42441.71361963815,42426.84766472421,42455.87574529785
A3-only,198000,30,42441.69426819381,42426.84766472421,42455.01557268869
A3-only,198600,30,42441.69426819381,42426.202850376125,42455.01557268869
A3-only,199200,30,42441.40201749451,42425.26184632109,42454.47253737691
A3-only,199800,30,42441.349402256936,42424.01457996996,42454.47253737691
A3-only,200400,30,42441.349402256936,42424.01457996996,42454.47253737691
A3-only,201000,30,42441.0250383857,42423.204146729906,42454.47253737691
A3-only,201600,30,42440.748970487075,42423.204146729906,42454.47253737691
A3-only,202200,30,42438.75037996098,42423.204146729906,42454.22366592081
A3-only,202800,30,42437.08233818771,42423.204146729906,42452.974165342814
A3-only,203400,30,42436.6576059128,42423.0438646199,42450.686355247984
A3-only,204000,30,42435.81155266478,42423.0438646199,42450.381462074365
A3-only,204600,30,42434.31379197247,42421.99427977192,42450.232887316495
A3-only,205200,30,42434.31379197247,42421.690756939104,42447.1096854659
A3-only,205800,30,42434.31379197247,42421.64473081587,42447.1096854659
A3-only,206400,30,42433.65022549517,42421.2884091784,42446.76016312667
A3-only,207000,30,42433.65022549517,42421.13720994443,42446.76016312667
A3-only,207600,30,42433.14333383746,42421.117857608704,42446.76016312667
A3-only,208200,30,42433.14333383746,42420.26012538487,42446.367199478715
A3-only,208800,30,42431.07864975679,42420.26012538487,42445.43889077634
A3-only,209400,30,42431.07864975679,42419.6584384714,42445.43889077634
A3-only,210000,30,42430.08113475256,42418.53862934956,42445.43889077634
A3-only,210600,30,42430.08113475256,42418.53862934956,42445.43889077634
A3-only,211200,30,42430.08113475256,42418.53862934956,42445.43889077634
A3-only,211800,30,42430.08113475256,42418.53862934956,42444.99638086722
A3-only,212400,30,42430.057588984666,42417.42210189429,42444.69875166332
A3-only,213000,30,42428.736825502696,42416.494502217014,42443.40830485325
A3-only,213600,30,42428.736825502696,42416.494502217014,42443.40830485325
A3-only,214200,30,42427.826391552066,42416.494502217014,42443.04972327351
A3-only,214800,30,42427.37672907843,42416.1637956587,42443.04972327351
A3-only,215400,30,42427.253805280576,42415.296377723615,42442.80562249924
A3-only,216000,30,42427.253805280576,42415.17788174778,42441.63762156683
A3-only,216600,30,42427.253805280576,42414.30004494898,42441.63762156683
A3-only,217200,30,42427.04561849128,42413.20593592984,42441.33634183631
A3-only,217800,30,42426.628077257585,42413.1112279287,42440.06165238451
A3-only,218400,30,42425.966706225816,42413.1112279287,42439.459533731126
A3-only,219000,30,42425.966706225816,42412.926798074885,42438.77317545109
A3-only,219600,30,42425.966706225816,42412.926798074885,42438.63687980827
A3-only,220200,30,42425.68355730614,42410.43042304006,42438.17667701126
A3-only,220800,30,42424.250656001605,42410.00834320391,42438.17667701126
A3-only,221400,30,42422.6425475837,42410.00834320391,42437.3580663045
A3-only,222000,30,42422.6425475837,42410.00834320391,42437.3580663045
A3-only,222600,30,42422.6425475837,42410.00834320391,42437.3580663045
A3-only,223200,30,42422.6425475837,42409.06973783081,42437.3580663045
A3-only,223800,30,42422.6425475837,42409.06973783081,42435.843416865755
A3-only,224400,30,42421.28769354902,42409.06973783081,42435.493494411625
A3-only,225000,30,42420.596210167816,42408.89678366167,42433.63042987547
A3-only,225600,30,42420.28514625937,42407.647621702396,42433.59371876735
A3-only,226200,30,42420.28514625937,42407.647621702396,42433.59371876735
A3-only,226800,30,42418.84894362833,42407.384281060156,42433.58681945664
A3-only,227400,30,42418.84894362833,42407.25871944521,42432.10974555198
A3-only,228000,30,42418.65526119982,42406.98812270946,42432.10974555198
A3-only,228600,30,42418.511079056494,42406.98812270946,42432.10974555198
A3-only,229200,30,42418.33590993263,42406.359138825675,42430.89906611667
A3-only,229800,30,42418.33590993263,42406.03123502279,42430.26255500717
A3-only,230400,30,42418.33590993263,42405.91940914474,42430.26255500717
A3-only,231000,30,42418.285574062174,42405.91940914474,42429.77717849401
A3-only,231600,30,42417.96989106551,42405.56403640732,42429.38448707863
A3-only,232200,30,42417.967052909415,42404.99200317005,42429.30762301452
A3-only,232800,30,42417.93059846712,42404.630972659696,42429.18833245842
A3-only,233400,30,42417.51331961388,42404.630972659696,42429.18833245842
A3-only,234000,30,42417.51331961388,42404.377953792486,42428.48351300746
A3-only,234600,30,42415.96090023585,42403.83148654367,42426.65889089222
A3-only,235200,30,42415.79296369481,42403.83148654367,42426.101981721855
A3-only,235800,30,42415.37008324241,42403.05546206779,42426.101981721855
A3-only,236400,30,42414.97432634351,42403.05546206779,42426.101981721855
A3-only,237000,30,42414.822710860135,42402.64772792428,42425.743094702106
A3-only,237600,30,42413.30330600456,42402.64772792428,42425.00060916772
A3-only,238200,30,42413.30330600456,42402.64772792428,42424.605965417926
A3-only,238800,30,42413.253724549904,42402.64772792428,42424.55412750956
A3-only,239400,30,42413.24438481928,42402.64772792428,42422.99788523301
A3-only,240000,30,42413.24438481928,42402.64772792428,42422.99788523301
A3-only,240600,30,42412.12756664642,42402.64772792428,42422.9313358569
A3-only,241200,30,42411.62260862159,42402.595797146234,42422.9313358569
A3-only,241800,30,42411.26639571636,42402.595797146234,42422.9313358569
A3-only,242400,30,42410.93459314684,42401.332354109734,42421.44795238154
A3-only,243000,30,42409.56013003576,42401.332354109734,42421.35861411106
A3-only,243600,30,42409.035730843854,42401.00967031847,42420.749039567905
A3-only,244200,30,42409.035730843854,42400.996647260195,42419.964266451614
A3-only,244800,30,42409.00213246246,42400.996647260195,42419.964266451614
A3-only,245400,30,42408.97432829952,42400.61128880625,42419.964266451614
A3-only,246000,30,42408.40055583096,42399.56827895719,42418.77203019202
A3-only,246600,30,42407.569901244846,42399.09177474385,42418.015941512065
A3-only,247200,30,42406.8695375254,42399.04008870263,42418.015941512065
A3-only,247800,30,42406.8695375254,42398.87687885684,42417.81731621011
A3-only,248400,30,42406.404445031876,42398.87283943889,42417.81731621011
A3-only,249000,30,42405.95586997777,42398.83221585281,42417.738033327216
A3-only,249600,30,42405.75783795086,42397.9634175,42417.67916620124
A3-only,250200,30,42405.06051840194,42397.9634175,42417.294217354094
A3-only,250800,30,42404.68221694259,42397.9634175,42417.07168756475
A3-only,251400,30,42404.03508587156,42397.9634175,42417.07168756475
A3-only,252000,30,42404.03508587156,42397.69311919254,42417.07168756475
A3-only,252600,30,42403.96830134436,42397.53641023455,42417.02471170178
A3-only,253200,30,42403.45443999377,42397.51361279194,42416.469147153526
A3-only,253800,30,42403.45443999377,42397.51361279194,42414.70433524101
A3-only,254400,30,42403.45443999377,42397.48228642663,42414.54107181499
A3-only,255000,30,42403.41566883122,42397.48228642663,42414.386453426574
A3-only,255600,30,42402.86657169764,42397.48228642663,42414.386453426574
A3-only,256200,30,42402.86657169764,42397.48228642663,42414.24907224281
A3-only,256800,30,42402.72586966054,42397.4185868743,42414.01982213092
A3-only,257400,30,42402.39975567383,42396.80130303725,42414.01982213092
A3-only,258000,30,42401.760180859244,42396.58671023502,42413.62955374905
A3-only,258600,30,42401.29180537291,42396.58671023502,42413.371958885575
A3-only,259200,30,42401.29180537291,42396.18714915045,42413.34801894853
A3-only,259800,30,42400.736629990286,42396.18714915045,42413.12780613468
A3-only,260400,30,42400.736629990286,42396.18714915045,42413.12780613468
A3-only,261000,30,42400.408883210774,42396.18714915045,42413.12780613468
A3-only,261600,30,42400.408883210774,42394.45156835194,42412.7896678462
A3-only,262200,30,42399.72424858296,42394.19955473233,42411.8504683526
A3-only,262800,30,42399.58685335812,42394.19955473233,42411.8504683526
A3-only,263400,30,42399.546715450575,42394.114098590115,42411.73693933291
A3-only,264000,30,42399.546715450575,42394.114098590115,42411.73693933291
A3-only,264600,30,42399.35648566358,42394.114098590115,42411.73693933291
A3-only,265200,30,42398.79460892194,42394.114098590115,42411.515709591215
A3-only,265800,30,42398.53371549466,42393.820232297585,42410.842497347476
A3-only,266400,30,42398.3616173146,42393.63167862986,42410.842497347476
A3-only,267000,30,42398.12803135633,42392.79844413123,42410.516474841475
A3-only,267600,30,42398.12803135633,42392.79844413123,42410.509618461845
A3-only,268200,30,42398.09785124322,42392.448477673446,42409.27917049901
A3-only,268800,30,42398.096604812774,42392.318355211304,42409.27820393878
A3-only,269400,30,42398.07041607115,42392.318355211304,42409.27820393878
A3-only,270000,30,42397.64855186346,42392.05478665751,42409.13169786107
A3-only,270600,30,42397.64855186346,42392.05478665751,42408.70106312835
A3-only,271200,30,42396.570798050816,42391.78925822904,42408.39557302286
A3-only,271800,30,42396.570798050816,42391.72559033151,42407.55466456415
A3-only,272400,30,42396.570798050816,42391.24356130275,42406.87501339773
A3-only,273000,30,42396.286744941346,42390.174559780346,42406.865064016
A3-only,273600,30,42395.869175336586,42389.85336367496,42406.163183233366
A3-only,274200,30,42395.74003687482,42389.85336367496,42405.75614377667
A3-only,274800,30,42395.39506715869,42389.752096734985,42405.62920482373
A3-only,275400,30,42395.34936303393,42389.49134585839,42405.41329317315
A3-only,276000,30,42395.3300375339,42388.58150817476,42405.01781350562
A3-only,276600,30,42395.13588254581,42388.460221751564,42404.37798732373
A3-only,277200,30,42395.10917072234,42388.460221751564,42404.13718654676
A3-only,277800,30,42394.64736220533,42388.158122558365,42403.63032725735
A3-only,278400,30,42394.64736220533,42387.846877595046,42403.48914963377
A3-only,279000,30,42394.497112841156,42387.83001971079,42403.48914963377
A3-only,279600,30,42394.497112841156,42387.83001971079,42402.35732232466
A3-only,280200,30,42394.3178445436,42387.54333464485,42402.31968755208
A3-only,280800,30,42394.07192877958,42387.50752239631,42402.1628140393
A3-only,281400,30,42393.60356704702,42387.50752239631,42402.11120057467
A3-only,282000,30,42393.60356704702,42387.50752239631,42401.308573166985
A3-only,282600,30,42393.46659481511,42386.495738478465,42401.308573166985
A3-only,283200,30,42393.12912055261,42386.495738478465,42400.18737529674
A3-only,283800,30,42393.12912055261,42385.96156844127,42400.18737529674
A3-only,284400,30,42392.68304331094,42385.26203751318,42399.833412398075
A3-only,285000,30,42392.02712250541,42385.26203751318,42399.561195076305
A3-only,285600,30,42392.02712250541,42384.96768038342,42399.561195076305
A3-only,286200,30,42391.77274323138,42384.96768038342,42398.63162923352
A3-only,286800,30,42390.91759914648,42384.88387397744,42398.514562087075
A3-only,287400,30,42390.91759914648,42384.32337604762,42398.448248336994
A3-only,288000,30,42390.35697529324,42383.62684312032,42398.448248336994
A3-only,288600,30,42390.355695208666,42383.62165235652,42398.180606362606
A3-only,289200,30,42390.355695208666,42383.62165235652,42397.96705667673
A3-only,289800,30,42390.355695208666,42383.5935662057,42397.61728433288
A3-only,290400,30,42390.355695208666,42383.479023521155,42397.49057868215
A3-only,291000,30,42390.355695208666,42383.32918227444,42397.14905121741
A3-only,291600,30,42390.355695208666,42383.07734801542,42396.92296319426
A3-only,292200,30,42390.225528881965,42383.07734801542,42396.69336173948
A3-only,292800,30,42390.210487385695,42382.528672020315,42396.01512338062
A3-only,293400,30,42390.210487385695,42382.31321038581,42395.4411759388
A3-only,294000,30,42389.86168577123,42382.31321038581,42395.0109745151
A3-only,294600,30,42389.62392157734,42381.65469088414,42394.77056850369
A3-only,295200,30,42389.43785934926,42381.19318138194,42394.77056850369
A3-only,295800,30,42389.06266115683,42381.106699188036,42394.713980512286
A3-only,296400,30,42389.06266115683,42380.92530151743,42394.56161569947
A3-only,297000,30,42388.837645500855,42380.92530151743,42394.50631899829
A3-only,297600,30,42388.837645500855,42380.92530151743,42394.04218559108
A3-only,298200,30,42388.837645500855,42380.90654589687,42393.750204097276
A3-only,298800,30,42388.2913902374,42380.5597740181,42393.750204097276
A3-only,299400,30,42388.2913902374,42380.42707844793,42393.35097265658
A3-only,300000,30,42387.375308176415,42380.38988664483,42393.31256323847
A3-only,300600,30,42387.26827498735,42380.32818085057,42393.31256323847
A3-only,10800,6,45515.15522294218,44968.71742209079,46736.8152682804
A3-only,11400,7,45973.57614660735,44998.056381152855,46992.18891531913
A3-only,8400,1,45063.45779355866,45063.45779355866,45063.45779355866
A3-only,9000,2,46140.812387985374,45602.13509077202,46679.48968519873
A3-only,9600,2,46140.812387985374,45602.13509077202,46679.48968519873
A3-only,10200,2,46118.06046533893,45568.00720680235,46668.11372387551
A4-only,8400,28,45615.09689770523,45101.143610704596,45879.18630219991
A4-only,9000,30,45505.947849627046,45051.457483672566,45834.72065899883
A4-only,9600,30,45471.768124214665,44961.926746280245,45769.77127466348
A4-only,10200,30,45406.44219851851,44909.50104931042,45719.99736202246
A4-only,10800,30,45346.56154999355,44809.457337674554,45654.93187266824
A4-only,11400,30,45258.266789209854,44736.73149694,45620.43385516235
A4-only,12000,30,45208.48345250902,44641.1284153336,45501.581951805354
A4-only,12600,30,45141.45929986394,44594.48714027404,45421.6841511084
A4-only,13200,30,45037.412548667504,44546.188308173485,45348.43491812296
A4-only,13800,30,44987.565506570216,44487.23400118104,45299.95899303238
A4-only,14400,30,44851.64957003275,44455.501921020325,45217.15084549633
A4-only,15000,30,44774.39829038945,44400.52405610349,45183.56961341387
A4-only,15600,30,44706.80350172674,44363.3857997558,45139.3311263904
A4-only,16200,30,44634.7469913566,44318.82042492782,45074.4175129689
A4-only,16800,30,44622.96312998179,44311.73762623109,45034.35221751359
A4-only,17400,30,44597.212325817,44291.92518918574,45007.677364300966
A4-only,18000,30,44529.566620515834,44273.78888111922,44970.333375259754
A4-only,18600,30,44474.677327265264,44268.230824187114,44967.2549454646
A4-only,19200,30,44443.50454849539,44206.65512942446,44948.38854705871
A4-only,19800,30,44420.08641967469,44134.76991156183,44898.634287440334
A4-only,20400,30,44411.10274503859,44103.97370728479,44869.4501013042
A4-only,21000,30,44399.36955582563,44090.55503452453,44852.83617361746
A4-only,21600,30,44371.44758997136,44046.22386925897,44829.80420239089
A4-only,22200,30,44321.56421117686,43981.1235688773,44802.52924844895
A4-only,22800,30,44264.72081359672,43913.01990631802,44765.81719299266
A4-only,23400,30,44241.79295764643,43884.70159046761,44736.58801063001
A4-only,24000,30,44189.96686737644,43851.29519450729,44697.96500529836
A4-only,24600,30,44141.965981375746,43770.298726286,44677.0269353368
A4-only,25200,30,44111.61409791444,43748.27765030994,44623.14689256918
A4-only,25800,30,44085.6976165326,43720.25062124007,44594.25661865058
A4-only,26400,30,44064.505132815255,43693.88151038065,44564.49878643182
A4-only,27000,30,44049.60658071705,43688.91982243085,44547.30621809
A4-only,27600,30,44022.64036269583,43684.044959727704,44536.526453839186
A4-only,28200,30,44004.598605266656,43654.200886923994,44509.73919201787
A4-only,28800,30,43996.88717044317,43631.53466600112,44499.02154967666
A4-only,29400,30,43977.890440436175,43588.501192424505,44491.591603443165
A4-only,30000,30,43927.47999711358,43552.54091545314,44477.483943100495
A4-only,30600,30,43889.40249429794,43502.253683074014,44451.82416754002
A4-only,31200,30,43858.73116056093,43461.11698374746,44380.07264793813
A4-only,31800,30,43819.50968310742,43423.61771992134,44340.257864725056
A4-only,32400,30,43806.574361086066,43394.90442391337,44317.716846514435
A4-only,33000,30,43794.00298540515,43369.268855118884,44297.42829232269
A4-only,33600,30,43784.00046454446,43337.73492677327,44261.87823352244
A4-only,34200,30,43770.956268005444,43314.53533274614,44225.4084098242
A4-only,34800,30,43749.19316615728,43300.277736065975,44183.040333300196
A4-only,35400,30,43732.77452976213,43288.908641567235,44118.945986728126
A4-only,36000,30,43702.630581434816,43284.37585140776,44028.64304018808
A4-only,36600,30,43676.41079023499,43281.81415771211,43978.09262449937
A4-only,37200,30,43666.468017584484,43276.50812471431,43959.13026630667
A4-only,37800,30,43650.34918889246,43269.11767500837,43944.41210738287
A4-only,38400,30,43646.68361431668,43217.56360435289,43913.58768791624
A4-only,39000,30,43643.07795597834,43207.81833272438,43866.27168642807
A4-only,39600,30,43636.57522110889,43196.02351287404,43851.97817770237
A4-only,40200,30,43626.44236664989,43178.80096768215,43842.111926876416
A4-only,40800,30,43606.18475815128,43163.71486623197,43811.14230884293
A4-only,41400,30,43586.89563502299,43157.77562424818,43798.26473820902
A4-only,42000,30,43551.23936982415,43154.37218808268,43771.843751212815
A4-only,42600,30,43514.88674407547,43139.49958221518,43753.109057475085
A4-only,43200,30,43488.41510589315,43127.02911897475,43747.34636993356
A4-only,43800,30,43465.62199771977,43116.40843182665,43740.20316007324
A4-only,44400,30,43447.488934061694,43114.73308216271,43723.981749147046
A4-only,45000,30,43430.46213735305,43109.659264893904,43709.89769798942
A4-only,45600,30,43418.09269685074,43109.659264893904,43688.95482236065
A4-only,46200,30,43408.47372937251,43108.8540447253,43675.97497451292
A4-only,46800,30,43392.88143193678,43104.765360741745,43660.519264173825
A4-only,47400,30,43383.803286931885,43103.29129401522,43634.01241895536
A4-only,48000,30,43365.91112160246,43102.64784395647,43604.23342061552
A4-only,48600,30,43343.24706013233,43097.695958067714,43586.155603785584
A4-only,49200,30,43338.164268572335,43092.86463977876,43575.65861576909
A4-only,49800,30,43335.83568022336,43088.04624503819,43563.75703796821
A4-only,50400,30,43333.16711739795,43075.92385722899,43552.17721657247
A4-only,51000,30,43317.61550780278,43072.62593360325,43541.21035661342
A4-only,51600,30,43308.21600952286,43068.500237256296,43523.28393944174
A4-only,52200,30,43297.94066587138,43061.922943523634,43506.24928893281
A4-only,52800,30,43290.33063910497,43043.24770161059,43502.39137028795
A4-only,53400,30,43283.86400431236,43020.71379086543,43500.30877865392
A4-only,54000,30,43274.23100115538,43007.81235169741,43499.14093778227
A4-only,54600,30,43267.29934876454,43004.292388566646,43494.27737366524
A4-only,55200,30,43265.41013913637,43003.06684680561,43486.301981718956
A4-only,55800,30,43256.92348278541,43000.58764462212,43478.74461843273
A4-only,56400,30,43240.48139235901,42996.59177887754,43465.45518838892
A4-only,57000,30,43238.0868888483,42987.827268991095,43449.25952180242
A4-only,57600,30,43233.67405883875,42982.13999507071,43434.85034853879
A4-only,58200,30,43230.358973292576,42973.33530831798,43427.30439415793
A4-only,58800,30,43227.04495648858,42966.34195035748,43395.618199886376
A4-only,59400,30,43222.34238077341,42956.405451762315,43389.211736660975
A4-only,60000,30,43216.445267439594,42943.86199658394,43385.77377265541
A4-only,60600,30,43207.98302255352,42940.467328326136,43380.586562749275
A4-only,61200,30,43202.23506374165,42939.196308360806,43341.718360512416
A4-only,61800,30,43198.5140323387,42936.11060740701,43341.718360512416
A4-only,62400,30,43195.375761856274,42934.96049145126,43334.79876544721
A4-only,63000,30,43192.52119196623,42933.99782640022,43329.200464286114
A4-only,63600,30,43187.636176611486,42932.98250870036,43325.51491843908
A4-only,64200,30,43184.91232669399,42931.75215784389,43314.98335643565
A4-only,64800,30,43179.22306429563,42930.63312679484,43310.3210332719
A4-only,65400,30,43176.12536341927,42930.472300102854,43295.93277983651
A4-only,66000,30,43171.30852332027,42927.03816399749,43285.33357522451
A4-only,66600,30,43163.770885482925,42924.326289688666,43281.12738114398
A4-only,67200,30,43153.41040189548,42921.918289098736,43277.50521785719
A4-only,67800,30,43146.7551460852,42919.70619997134,43273.82884058748
A4-only,68400,30,43140.79014349009,42917.798735094235,43270.3360089382
A4-only,69000,30,43137.96031268375,42915.49445097732,43267.89530032576
A4-only,69600,30,43133.83511643307,42913.286803323965,43263.5432752675
A4-only,70200,30,43129.9041219325,42910.701312765836,43258.23318395787
A4-only,70800,30,43116.64881564412,42907.79120390814,43257.226519194366
A4-only,71400,30,43112.98274427387,42904.22122495272,43253.645921458105
A4-only,72000,30,43111.32313875991,42901.834687714014,43253.32497020626
A4-only,72600,30,43106.13873167861,42899.5821799579,43252.89084312068
A4-only,73200,30,43099.44575344459,42897.528327432185,43252.48914213238
A4-only,73800,30,43093.410052205094,42894.3169846518,43251.06106249668
A4-only,74400,30,43089.37599077455,42891.898110265814,43243.91667322173
A4-only,75000,30,43082.78888590142,42890.853966941846,43241.52696836079
A4-only,75600,30,43080.397358045564,42888.83266248207,43241.150167390246
A4-only,76200,30,43077.72987405685,42885.95785151625,43238.90066413817
A4-only,76800,30,43072.77196878944,42884.35813962133,43222.01937373753
A4-only,77400,30,43069.923415355166,42882.56232256182,43209.20706183705
A4-only,78000,30,43067.390805695024,42881.92587592127,43203.12185507761
A4-only,78600,30,43064.51147401685,42881.76283603433,43198.05650344236
A4-only,79200,30,43060.586907999175,42881.45583774065,43193.59115993229
A4-only,79800,30,43057.15734497691,42880.597786905935,43189.5030474177
A4-only,80400,30,43050.59022529208,42880.23776662252,43181.11858726971
A4-only,81000,30,43045.040192877175,42878.85089542357,43166.35850605405
A4-only,81600,30,43041.048989993025,42877.126505810265,43156.36211363721
A4-only,82200,30,43036.75277332003,42875.4422192545,43153.39760105096
A4-only,82800,30,43031.59733719557,42873.39006900429,43148.435360685035
A4-only,83400,30,43028.06004292668,42871.692155701654,43142.42796780258
A4-only,84000,30,43025.221376754824,42869.642324159424,43132.04821378231
A4-only,84600,30,43018.19253864238,42865.5179773115,43121.502357927966
A4-only,85200,30,43009.73669727512,42862.29483151139,43116.34556061095
A4-only,85800,30,43005.64610671268,42858.61737233131,43112.04737099783
A4-only,86400,30,43002.90583470369,42855.11718201125,43110.343563521994
A4-only,87000,30,43001.40945442051,42851.85070314705,43109.736863038124
A4-only,87600,30,43001.04435364819,42848.456538385355,43108.94968446222
A4-only,88200,30,42998.963697157524,42846.3463667679,43108.37308517803
A4-only,88800,30,42997.763928662665,42844.190505270264,43104.259599582365
A4-only,89400,30,42992.17169152739,42842.95621728995,43102.29605607936
A4-only,90000,30,42987.94508037992,42840.25503401984,43101.14001713389
A4-only,90600,30,42978.49246486656,42838.37968497631,43099.98833209058
A4-only,91200,30,42971.67704977493,42836.30223085389,43099.26997975118
A4-only,91800,30,42966.80954595908,42833.907757485424,43097.10416515283
A4-only,92400,30,42960.77894133661,42829.891333813495,43095.76457599645
A4-only,93000,30,42957.22249069126,42826.75796065376,43094.05297819543
A4-only,93600,30,42954.359564418024,42821.50368257423,43092.756685050845
A4-only,94200,30,42952.231393175585,42817.597615986524,43091.35903011095
A4-only,94800,30,42950.237244845295,42816.47318164244,43089.7362699733
A4-only,95400,30,42949.27027967751,42812.780600439226,43087.687186304094
A4-only,96000,30,42947.892529061486,42811.92291154187,43085.253681603426
A4-only,96600,30,42946.37106281836,42810.9231325921,43083.436754152965
A4-only,97200,30,42944.95358497841,42810.05297897087,43080.0826316309
A4-only,97800,30,42941.76655490032,42807.38289977532,43078.91030839922
A4-only,98400,30,42939.65465452119,42804.097426650434,43078.149430996105
A4-only,99000,30,42934.839468636696,42800.46288019427,43076.67112397341
A4-only,99600,30,42927.94271131775,42797.571101089045,43075.706520401516
A4-only,100200,30,42924.68657940941,42794.3852754346,43073.787176090445
A4-only,100800,30,42921.21905752628,42788.96855119915,43072.181417464264
A4-only,101400,30,42920.24276277387,42786.16573469283,43071.12317870132
A4-only,102000,30,42919.037936974986,42784.38006438092,43068.79238340915
A4-only,102600,30,42916.06007113418,42779.00429057384,43066.58610468577
A4-only,103200,30,42912.99507302575,42776.34296767883,43063.549104594254
A4-only,103800,30,42908.66145067522,42772.04438164563,43060.788564915674
A4-only,104400,30,42905.063631671714,42767.51983264416,43057.138757461486
A4-only,105000,30,42902.09820971018,42765.332647025396,43054.93399857366
A4-only,105600,30,42898.802833247864,42762.52542829421,43050.990571236405
A4-only,106200,30,42896.28655719431,42760.132706399956,43047.59864375817
A4-only,106800,30,42894.932341015854,42757.59475588563,43044.467002247206
A4-only,107400,30,42892.64721128659,42752.07026314187,43041.767357646146
A4-only,108000,30,42889.426787625525,42747.54144206559,43038.51195103184
A4-only,108600,30,42887.272897341885,42744.20572504298,43034.686608819335
A4-only,109200,30,42884.028729216705,42739.788939349244,43032.922943042584
A4-only,109800,30,42881.481329186165,42736.82403713869,43031.16881041101
A4-only,110400,30,42879.89183334813,42730.49952668583,43028.38502597055
A4-only,111000,30,42877.92256086289,42727.77890543778,43025.42903703718
A4-only,111600,30,42875.24121343791,42723.78930981673,43022.737964863976
A4-only,112200,30,42873.053864824295,42721.42900410606,43020.86769632628
A4-only,112800,30,42868.841874450474,42718.79048968238,43019.710278639664
A4-only,113400,30,42865.01429721691,42716.35922077387,43018.308403328796
A4-only,114000,30,42862.17303094621,42714.0526025475,43017.65073306032
A4-only,114600,30,42859.80609313224,42711.494068708766,43017.18912348455
A4-only,115200,30,42858.57464742605,42709.62141105981,43016.52196248671
A4-only,115800,30,42857.214876372134,42708.97935086872,43015.99815616405
A4-only,116400,30,42855.88141573243,42707.283480927916,43013.829357674185
A4-only,117000,30,42854.147842091814,42704.876682477014,43010.756996229626
A4-only,117600,30,42852.31226217831,42703.5899634028,43008.077434516475
A4-only,118200,30,42851.09852512991,42700.93799209075,43005.64314730333
A4-only,118800,30,42848.27507828191,42699.06653523495,43002.658478879595
A4-only,119400,30,42845.847285845986,42697.43921193956,42999.53263888711
A4-only,120000,30,42842.12640876491,42694.7984569393,42998.489760187076
A4-only,120600,30,42838.104187475285,42693.38210138867,42996.638703683944
A4-only,121200,30,42833.19631596591,42691.62551706303,42995.420505347836
A4-only,121800,30,42830.42839999286,42689.46702990384,42993.786297503066
A4-only,122400,30,42827.2694057186,42687.73450231476,42992.46436039879
A4-only,123000,30,42825.73868086943,42686.423922602946,42990.2731757602
A4-only,123600,30,42824.24670273592,42684.691069170665,42987.24720039381
A4-only,124200,30,42822.58805118057,42683.40488974183,42985.58758247832
A4-only,124800,30,42820.991915724546,42681.02693142279,42984.93568563771
A4-only,125400,30,42818.89993453643,42677.92957733781,42982.0940217617
A4-only,126000,30,42816.64031476776,42675.12900002111,42980.36701870468
A4-only,126600,30,42813.70449804424,42671.81884352338,42979.197942486564
A4-only,127200,30,42811.116769702865,42670.475506043345,42977.40593650633
A4-only,127800,30,42809.35546705134,42668.55765290656,42975.971694697764
A4-only,128400,30,42806.50789517358,42667.21272244098,42974.59831504175
A4-only,129000,30,42802.237850445774,42664.51870496859,42973.475526888105
A4-only,129600,30,42799.0661936455,42662.430479350216,42972.10953455373
A4-only,130200,30,42796.23862963157,42659.9362825934,42971.00536349804
A4-only,130800,30,42794.876149563635,42657.860182976845,42970.434436261196
A4-only,131400,30,42793.558265397776,42655.82366414985,42968.94431677887
A4-only,132000,30,42792.09556164706,42653.642640067425,42967.887221994475
A4-only,132600,30,42790.144260661444,42651.943892236675,42966.42962530124
A4-only,133200,30,42788.44223267448,42649.31954530745,42964.951507220285
A4-only,133800,30,42787.1141341418,42646.60778248704,42962.54086564981
A4-only,134400,30,42784.82453265521,42645.136820818676,42960.06040393234
A4-only,135000,30,42780.12133491173,42643.62389298185,42956.515791363025
A4-only,135600,30,42776.290011458725,42642.54955249699,42955.34076456871
A4-only,136200,30,42772.781815747796,42640.78820570545,42950.82256250658
A4-only,136800,30,42769.19783879115,42639.34717835365,42946.221196139166
A4-only,137400,30,42765.725597320285,42637.39167354023,42941.75687639469
A4-only,138000,30,42759.99108720516,42634.854350987334,42938.19085371623
A4-only,138600,30,42753.93293863398,42632.82610860567,42933.95887584614
A4-only,139200,30,42751.921383305424,42631.752882589004,42929.951734032096
A4-only,139800,30,42744.99234779508,42630.10889682978,42924.419306132346
A4-only,140400,30,42740.88155724869,42627.94277846023,42919.00372835039
A4-only,141000,30,42734.774631743465,42626.676700617434,42915.293123830736
A4-only,141600,30,42730.21217429678,42625.10070148006,42912.77007264536
A4-only,142200,30,42728.22707192489,42623.44684025506,42908.627445632555
A4-only,142800,30,42726.45071493468,42621.84409909528,42905.91170853033
A4-only,143400,30,42724.602632843584,42620.40245476688,42902.04671868653
A4-only,144000,30,42722.21468142794,42619.534158004215,42898.40500501366
A4-only,144600,30,42719.520393074374,42617.936779809825,42894.94878188312
A4-only,145200,30,42718.17228699939,42617.06625904642,42891.19277297484
A4-only,145800,30,42716.607348750666,42616.40662909087,42888.27872120186
A4-only,146400,30,42714.5680371605,42615.30535143015,42886.22308258772
A4-only,147000,30,42713.6872019455,42614.08186861478,42884.87212848908
A4-only,147600,30,42712.3475905259,42612.110716264404,42882.8283628935
A4-only,148200,30,42710.80273401024,42610.92508391378,42881.453423157465
A4-only,148800,30,42709.92079219277,42608.4843418791,42879.35442252083
A4-only,149400,30,42708.32857265891,42606.32867528569,42877.834833258305
A4-only,150000,30,42706.69695011292,42604.808586417195,42876.094258933816
A4-only,150600,30,42704.70978177748,42603.745155172655,42873.0519474392
A4-only,151200,30,42702.79692775229,42602.67039396432,42871.67470621225
A4-only,151800,30,42700.57465845061,42601.81823976182,42870.696784527405
A4-only,152400,30,42698.24590037529,42600.92090377717,42867.345682437175
A4-only,153000,30,42697.25998769648,42600.065245039295,42863.69789569231
A4-only,153600,30,42696.276112781314,42599.14561427813,42860.839952611495
A4-only,154200,30,42694.49548880581,42597.01445554019,42859.91365832537
A4-only,154800,30,42692.797109134764,42594.69508732889,42859.44046724706
A4-only,155400,30,42691.76463687837,42593.19712548014,42858.1434059936
A4-only,156000,30,42690.83029684611,42591.47858149276,42856.259421358445
A4-only,156600,30,42690.465880815376,42589.89524661116,42855.01012787167
A4-only,157200,30,42689.43887411464,42588.96868024962,42854.197121061465
A4-only,157800,30,42688.2086427967,42587.26105139339,42852.575914661844
A4-only,158400,30,42686.382766837065,42585.9282852638,42851.281428605886
A4-only,159000,30,42684.12412818562,42584.660903345575,42849.72116351569
A4-only,159600,30,42681.83562248348,42583.75922122978,42846.45911617474
A4-only,160200,30,42676.64312994109,42582.529792380665,42844.30332432916
A4-only,160800,30,42674.596793707446,42581.63723181865,42842.73283114775
A4-only,161400,30,42670.693053421826,42580.50272158455,42841.55159581618
A4-only,162000,30,42667.7559180914,42579.51554157234,42840.2861531659
A4-only,162600,30,42664.695127154206,42578.047471956525,42838.1500658312
A4-only,163200,30,42662.479645206564,42576.88017645001,42835.75877459838
A4-only,163800,30,42658.821711045646,42575.29571627273,42833.39336485903
A4-only,164400,30,42656.051089031054,42574.11099039049,42828.053802435505
A4-only,165000,30,42654.03896870532,42572.23742645647,42820.69416641366
A4-only,165600,30,42652.36700204824,42570.32610694215,42815.6925632554
A4-only,166200,30,42651.4750585353,42568.65896513923,42809.58288164509
A4-only,166800,30,42650.10032789052,42566.85583931113,42806.16544335525
A4-only,167400,30,42648.89176391983,42565.53195930054,42804.58938779781
A4-only,168000,30,42648.48282389763,42564.69810286636,42802.883966073205
A4-only,168600,30,42647.7274983556,42563.82428833055,42800.675934663566
A4-only,169200,30,42647.38862827282,42563.099511204186,42798.599772971196
A4-only,169800,30,42646.845863960785,42562.19243523003,42795.90797255281
A4-only,170400,30,42645.442964115166,42561.52525380563,42794.375801162714
A4-only,171000,30,42643.72348986319,42560.191469316145,42792.03878473278
A4-only,171600,30,42641.682087449124,42559.63166412826,42791.02501745767
A4-only,172200,30,42639.54497427258,42558.84468370383,42789.51733925835
A4-only,172800,30,42636.327429861114,42555.36225056407,42788.05252381794
A4-only,173400,30,42633.42432708543,42553.86490565526,42785.430942457635
A4-only,174000,30,42630.28082930153,42553.44065000703,42783.456303879444
A4-only,174600,30,42628.908738256825,42552.49726981216,42781.04900010564
A4-only,175200,30,42627.99834492072,42551.59558373685,42779.63140168181
A4-only,175800,30,42627.336912142026,42550.11131051864,42779.09041372045
A4-only,176400,30,42625.73467513449,42548.49449604844,42777.73700141354
A4-only,177000,30,42623.709403367844,42547.16164647319,42776.750457749586
A4-only,177600,30,42622.30382656897,42546.57980702071,42774.86356254993
A4-only,178200,30,42620.080787312356,42546.19495255277,42774.03976843269
A4-only,178800,30,42618.808427202806,42545.851154582364,42772.97085421615
A4-only,179400,30,42617.40290020631,42545.47169732937,42771.27714442357
A4-only,180000,30,42616.59527261791,42545.18881499416,42769.64033433705
A4-only,180600,30,42614.62447280549,42544.81221766415,42767.35046580137
A4-only,181200,30,42613.101281733165,42544.462310678224,42765.74202854051
A4-only,181800,30,42610.998781977054,42543.80481766102,42763.701307857555
A4-only,182400,30,42609.43703873742,42542.91551325173,42757.90364101429
A4-only,183000,30,42607.719835526426,42542.237249356825,42747.357430408825
A4-only,183600,30,42606.05450703598,42541.309068530536,42741.653089712694
A4-only,184200,30,42604.244133974586,42540.79725591386,42738.13781547619
A4-only,184800,30,42601.67418369786,42540.535583982186,42735.96466801349
A4-only,185400,30,42600.24431595623,42539.86928993335,42733.599082463144
A4-only,186000,30,42598.51352691205,42539.53266964119,42730.51673145763
A4-only,186600,30,42597.00393639046,42538.89563679721,42727.512429750364
A4-only,187200,30,42595.26261146672,42538.56007530767,42724.92855596409
A4-only,187800,30,42593.62427179006,42537.69470492042,42722.895212855474
A4-only,188400,30,42592.42421087829,42537.12661900764,42720.86425733244
A4-only,189000,30,42590.71197030938,42535.43818282989,42718.82756758516
A4-only,189600,30,42589.218027710784,42534.46767674265,42716.181451364275
A4-only,190200,30,42587.65146909599,42533.34498752205,42713.9101967915
A4-only,190800,30,42586.24474284485,42532.42433571334,42708.21885581771
A4-only,191400,30,42584.7343482127,42531.44873793411,42703.447458820716
A4-only,192000,30,42583.07989685192,42530.579390229876,42701.02147076043
A4-only,192600,30,42582.17278721674,42529.85460427865,42698.30853602213
A4-only,193200,30,42581.350470239224,42529.29099975609,42696.95189583034
A4-only,193800,30,42580.566560477135,42528.817604023185,42694.00336140516
A4-only,194400,30,42579.71778170198,42527.71900825006,42691.12276330343
A4-only,195000,30,42579.10929803409,42526.99720116165,42689.298842760785
A4-only,195600,30,42578.48787458001,42526.20226646558,42687.31444734592
A4-only,196200,30,42578.033838218435,42525.14680066223,42685.35919145
A4-only,196800,30,42577.463002745935,42524.82796470952,42683.47105036097
A4-only,197400,30,42576.86113223481,42524.511493068014,42679.46438343567
A4-only,198000,30,42575.73060830521,42524.22499471488,42676.885372445555
A4-only,198600,30,42574.14801831899,42523.56509493148,42675.7474529593
A4-only,199200,30,42572.99608247227,42522.94440738205,42673.40088938498
A4-only,199800,30,42571.83793302623,42522.42616368053,42670.41887443489
A4-only,200400,30,42571.04484975265,42521.50444413424,42667.38126564466
A4-only,201000,30,42569.85687653686,42521.33025978927,42664.80512419638
A4-only,201600,30,42568.07654097465,42520.75383430883,42661.115567866334
A4-only,202200,30,42567.30250815746,42520.118928170414,42657.66128392927
A4-only,202800,30,42566.225711419334,42519.54417552718,42654.125575559214
A4-only,203400,30,42564.976708399496,42519.006788067876,42650.484382624345
A4-only,204000,30,42563.42483661138,42518.13945811148,42644.68554239614
A4-only,204600,30,42562.42186055897,42517.47358595615,42641.42262766489
A4-only,205200,30,42561.196365166725,42516.60692050902,42637.77479693954
A4-only,205800,30,42560.3915502944,42515.86028190218,42634.216065714805
A4-only,206400,30,42559.967551678914,42515.21031986262,42632.5530656355
A4-only,207000,30,42559.616804172256,42514.14717872601,42630.73144069765
A4-only,207600,30,42559.32928603099,42512.81372246547,42629.46801548255
A4-only,208200,30,42558.96272386407,42511.975445478594,42626.33372302495
A4-only,208800,30,42558.76779397761,42510.68453952279,42624.03942396023
A4-only,209400,30,42558.41033430073,42509.72816153467,42622.6351806234
A4-only,210000,30,42558.07258282529,42508.02198456879,42622.09761330447
A4-only,210600,30,42557.77558742145,42507.08230918094,42621.602679557516
A4-only,211200,30,42557.25288598986,42506.560533717035,42621.05873688136
A4-only,211800,30,42556.75976615482,42506.19937527651,42620.31306320573
A4-only,212400,30,42556.35280744129,42505.66611360711,42620.00764099012
A4-only,213000,30,42555.939033016235,42505.32832548858,42619.471939959345
A4-only,213600,30,42555.49982797883,42504.45457576109,42618.8849069507
A4-only,214200,30,42554.7305719045,42504.01437953019,42618.40435936622
A4-only,214800,30,42554.37439182829,42503.27999335964,42617.578095707955
A4-only,215400,30,42553.98843620738,42502.34449571646,42617.09111481619
A4-only,216000,30,42553.634036365154,42501.55935763264,42616.4861842667
A4-only,216600,30,42553.14319097084,42501.357151379285,42615.61818801705
A4-only,217200,30,42552.40287038719,42501.282646604064,42615.38954288711
A4-only,217800,30,42551.8955786992,42500.886943501006,42614.956561602674
A4-only,218400,30,42551.26060302828,42500.43760438772,42614.586233144706
A4-only,219000,30,42550.645037812465,42499.90440477966,42614.419570866994
A4-only,219600,30,42549.998235312574,42499.556772968666,42614.18092184111
A4-only,220200,30,42549.52172457098,42498.75191021029,42613.83550384944
A4-only,220800,30,42549.09301079334,42498.24859131976,42613.52031547786
A4-only,221400,30,42548.75679002065,42497.50337322754,42612.95639858538
A4-only,222000,30,42548.45983214422,42496.98273473747,42612.624857069786
A4-only,222600,30,42548.10593172138,42496.545567628156,42612.12711738108
A4-only,223200,30,42547.83290031621,42496.15561411713,42611.58959567528
A4-only,223800,30,42547.68985563566,42495.836276026625,42611.2497804023
A4-only,224400,30,42547.49627379411,42495.44996574431,42610.78852560909
A4-only,225000,30,42546.99405135754,42495.04841655046,42610.39293209344
A4-only,225600,30,42546.70360511417,42494.61639303141,42610.03577214478
A4-only,226200,30,42546.440801535486,42494.1823606939,42609.59172364506
A4-only,226800,30,42546.10421760389,42493.63572430354,42608.97420404763
A4-only,227400,30,42545.705266887366,42493.09934037589,42608.37597545549
A4-only,228000,30,42545.158037977075,42492.42960565131,42607.61748540301
A4-only,228600,30,42544.18331761142,42492.13853718633,42606.57254165924
A4-only,229200,30,42543.573848551474,42491.732398045395,42605.713080503796
A4-only,229800,30,42542.97759877062,42491.632361160744,42604.73510015238
A4-only,230400,30,42542.39534154431,42491.450655777306,42603.92486707067
A4-only,231000,30,42541.8106785922,42491.30327033541,42603.19441670358
A4-only,231600,30,42540.733455244044,42491.06370308129,42602.00328013256
A4-only,232200,30,42540.26893652109,42491.026683138676,42601.48753144387
A4-only,232800,30,42539.20328368616,42490.78114242712,42600.452051765904
A4-only,233400,30,42538.697966704916,42490.6155371683,42599.8508881656
A4-only,234000,30,42537.96960439617,42490.37771031493,42599.30662173996
A4-only,234600,30,42537.10507506013,42489.9591543599,42598.96074001244
A4-only,235200,30,42535.96597678389,42489.74961780652,42598.396669722
A4-only,235800,30,42534.82141463214,42489.56552388593,42597.84764530463
A4-only,236400,30,42533.76149074893,42489.371548035095,42597.357151500335
A4-only,237000,30,42532.550417767474,42489.235304129754,42597.2279552504
A4-only,237600,30,42531.63518769523,42489.12853209114,42596.9272526392
A4-only,238200,30,42530.98717849897,42488.985662581494,42596.62178287775
A4-only,238800,30,42530.198589060994,42488.58307295946,42596.386086341285
A4-only,239400,30,42529.48982005374,42488.42570485594,42596.083184800984
A4-only,240000,30,42528.95786897403,42488.286325226545,42595.86094524787
A4-only,240600,30,42528.60353370433,42488.095196728085,42595.682157337185
A4-only,241200,30,42528.3067263426,42487.952501758555,42595.40693720857
A4-only,241800,30,42527.84958311857,42487.72402627394,42595.14747944134
A4-only,242400,30,42527.343027357536,42487.525729538065,42594.97237718967
A4-only,243000,30,42526.94840472547,42487.29228751306,42594.790209702885
A4-only,243600,30,42526.56605435631,42486.97174191195,42594.663634427285
A4-only,244200,30,42526.06246309249,42486.679311056614,42594.51149324987
A4-only,244800,30,42525.563932848476,42486.46691807416,42594.279935930135
A4-only,245400,30,42524.8373087949,42486.13594819063,42594.20025433404
A4-only,246000,30,42524.043218096864,42486.05729679149,42594.061806056474
A4-only,246600,30,42522.95688642334,42485.84158381419,42593.970834337015
A4-only,247200,30,42521.85358060278,42485.60923404167,42593.84347830224
A4-only,247800,30,42521.020258188815,42485.26277743431,42593.66624978023
A4-only,248400,30,42519.95271196659,42484.97899389978,42593.49380174276
A4-only,249000,30,42519.49425353093,42484.85099996823,42593.312814579884
A4-only,249600,30,42518.65996729225,42484.700022116696,42593.042921646236
A4-only,250200,30,42517.52617850951,42484.38957832571,42592.827576853146
A4-only,250800,30,42516.64562427743,42484.00365786082,42592.627602160515
A4-only,251400,30,42515.50728491184,42483.463016356785,42592.50149677873
A4-only,252000,30,42514.250860603046,42482.97264674436,42592.271696572905
A4-only,252600,30,42512.935706549775,42482.37221457536,42591.94659358663
A4-only,253200,30,42511.48959323745,42481.95287508346,42591.72588426466
A4-only,253800,30,42510.33177498303,42481.46739675567,42591.413932870855
A4-only,254400,30,42509.84913884051,42481.11750480544,42590.99834286102
A4-only,255000,30,42509.4253478083,42480.55205189408,42590.90568194921
A4-only,255600,30,42508.97575407526,42480.15022434699,42590.77299122757
A4-only,256200,30,42508.59916613107,42479.74259693934,42590.685426405464
A4-only,256800,30,42508.43826538161,42479.176878869956,42590.46549659258
A4-only,257400,30,42508.094029009706,42478.433785004934,42590.158596295994
A4-only,258000,30,42507.97061523984,42478.193999991425,42589.98802250728
A4-only,258600,30,42507.73396901811,42477.9999972258,42589.658285248435
A4-only,259200,30,42507.41383210756,42477.834522193036,42589.46250426427
A4-only,259800,30,42507.15200503399,42477.58870934251,42589.279253764995
A4-only,260400,30,42506.765899068145,42477.434367928145,42589.191831849894
A4-only,261000,30,42506.31874739233,42477.19007014137,42589.134643411715
A4-only,261600,30,42505.7167521257,42477.06967116584,42589.083245494
A4-only,262200,30,42505.1793033952,42476.84169826899,42588.9497758168
A4-only,262800,30,42504.76839529148,42476.711572808235,42588.80377420872
A4-only,263400,30,42504.3925248675,42476.34036633646,42588.727996577814
A4-only,264000,30,42504.013437018424,42476.189638246404,42588.57753432623
A4-only,264600,30,42503.57472326775,42476.05898335111,42588.10980084206
A4-only,265200,30,42503.28161472124,42475.92783234772,42587.82981177473
A4-only,265800,30,42502.719254183816,42475.767590655516,42587.62880834624
A4-only,266400,30,42502.30274565048,42475.50877538989,42587.51460677637
A4-only,267000,30,42502.01827325414,42475.36972261348,42587.45176829668
A4-only,267600,30,42501.536845846174,42475.177776915654,42587.33300557683
A4-only,268200,30,42501.34229643768,42475.07294563082,42587.24530470655
A4-only,268800,30,42501.241536194226,42474.85536778933,42587.189725230615
A4-only,269400,30,42501.18108782529,42474.80445097266,42587.05968046894
A4-only,270000,30,42501.10936129057,42474.61470025576,42586.82892033814
A4-only,270600,30,42501.04697062862,42474.42231211765,42586.61079777572
A4-only,271200,30,42500.813451962276,42474.17794017337,42586.485033831115
A4-only,271800,30,42500.68761839064,42473.936509333194,42586.37264924775
A4-only,272400,30,42500.493996895966,42473.616173639835,42585.98720856714
A4-only,273000,30,42500.48621121921,42473.46612891659,42585.603916137756
A4-only,273600,30,42500.41199446784,42473.36772023387,42585.093573406506
A4-only,274200,30,42500.381905594535,42473.276854484124,42584.96996196298
A4-only,274800,30,42500.35680913708,42473.10683528918,42584.853215790325
A4-only,275400,30,42500.31387404006,42472.994142946976,42584.72842388783
A4-only,276000,30,42500.2968110426,42472.63828195118,42584.58892018792
A4-only,276600,30,42500.25633209715,42472.426244277114,42584.41567151907
A4-only,277200,30,42500.217677365756,42472.04293691943,42584.20822398823
A4-only,277800,30,42500.165766207414,42471.69707653091,42583.9414926482
A4-only,278400,30,42500.14299889967,42471.23051654764,42583.71681652781
A4-only,279000,30,42500.02256440901,42470.42420845573,42583.277169283014
A4-only,279600,30,42499.9709345904,42469.069528088374,42582.9490844465
A4-only,280200,30,42499.8814420854,42468.50963735963,42582.69890058479
A4-only,280800,30,42499.78846386954,42468.20105388215,42582.458445073
A4-only,281400,30,42499.69115846342,42467.6466432649,42582.08837092492
A4-only,282000,30,42499.561379633946,42467.09305436642,42581.46695000242
A4-only,282600,30,42499.4397723475,42466.529202183025,42581.25311754116
A4-only,283200,30,42499.27434506339,42465.930401627804,42580.958761585774
A4-only,283800,30,42499.116076672675,42465.09190690381,42580.71923742056
A4-only,284400,30,42499.028941418546,42464.48437256277,42580.60198779595
A4-only,285000,30,42498.865144788,42463.87693604434,42580.27738996306
A4-only,285600,30,42498.7817475964,42463.5217904735,42579.98975561454
A4-only,286200,30,42498.684135110365,42463.232611987754,42579.61976525224
A4-only,286800,30,42498.59491700029,42462.91224711804,42579.39560215506
A4-only,287400,30,42498.364603081776,42462.44234978937,42579.07415238775
A4-only,288000,30,42498.279242287506,42461.85735076252,42578.65602061666
A4-only,288600,30,42498.175692584846,42461.72395227983,42578.36893099243
A4-only,289200,30,42498.01216496283,42461.518574229965,42578.0808934091
A4-only,289800,30,42497.870722582185,42461.29959642219,42577.856370815825
A4-only,290400,30,42497.7963279415,42461.16772227091,42577.78643284588
A4-only,291000,30,42497.652274575164,42461.03581884041,42577.625543296366
A4-only,291600,30,42497.57760130557,42460.85196090485,42577.52308750323
A4-only,292200,30,42497.492118805596,42460.68855967549,42577.32968074944
A4-only,292800,30,42497.406510188885,42460.47302835128,42577.051223851784
A4-only,293400,30,42497.273633398145,42460.33355776614,42576.770862496465
A4-only,294000,30,42497.16766912933,42460.22722307937,42576.28916251194
A4-only,294600,30,42497.03001267726,42460.13726003628,42575.88870580343
A4-only,295200,30,42496.89736359143,42459.99264685278,42575.18020961804
A4-only,295800,30,42496.810423229,42459.82529243507,42574.7179479884
A4-only,296400,30,42496.775041860645,42459.6811963106,42574.3074265024
A4-only,297000,30,42496.720310977034,42459.52071676923,42574.09840655635
A4-only,297600,30,42496.65172193833,42459.448672631785,42573.95334190656
A4-only,298200,30,42496.53659657301,42459.364346008195,42573.82089427818
A4-only,298800,30,42496.46087303442,42459.24404609454,42573.71913168694
A4-only,299400,30,42496.40386049068,42459.13011445842,42573.570283207766
A4-only,300000,30,42496.32518984581,42459.02871714811,42573.328598785745
A4-only,300600,30,42496.21480030085,42458.93700793613,42573.16193016541
A4-only,5400,7,45611.72936578898,45129.60672019182,45631.12409953543
A4-only,6000,13,45619.50552847494,45555.13345307491,46225.85895548414
A4-only,6600,21,45852.56165052522,45484.34363139812,45982.14815430227
A4-only,7200,25,45761.42293018363,45328.19820893071,45930.036944488886
A4-only,7800,27,45683.513476457214,45233.40127087528,45927.422850731
A4-only,4800,2,45694.6442150237,45671.187108160884,45718.10132188651
